stage,alpha,threshold,calib_precision,calib_recall,calib_f1,calib_accuracy,calib_fpr,test_precision,test_recall,test_f1,test_accuracy,test_fpr,test_tp,test_fp,test_tn,test_fn,auc_roc,auc_pr
S5,0.0,1.6346897766921653,0.7608695652173914,0.7142857142857143,0.7368421052631581,0.8322147651006712,0.11,0.8813559322033898,0.7428571428571429,0.8062015503875969,0.9,0.03888888888888889,52,7,173,18,0.944047619047619,0.9059148331323722
S5,0.01,1.4951938339515576,0.75,0.7346938775510204,0.7422680412371135,0.8322147651006712,0.12,0.8852459016393442,0.7714285714285715,0.8244274809160306,0.908,0.03888888888888889,54,7,173,16,0.9468253968253969,0.9082961178892665
S5,0.02,1.5823994482549688,0.7659574468085106,0.7346938775510204,0.7499999999999999,0.8389261744966443,0.11,0.8833333333333333,0.7571428571428571,0.8153846153846154,0.904,0.03888888888888889,53,7,173,17,0.9492063492063493,0.9100090540400139
S5,0.03,1.6696050625583805,0.7659574468085106,0.7346938775510204,0.7499999999999999,0.8389261744966443,0.11,0.8813559322033898,0.7428571428571429,0.8062015503875969,0.9,0.03888888888888889,52,7,173,18,0.9516666666666668,0.9124767013228542
S5,0.04,1.756810676861792,0.782608695652174,0.7346938775510204,0.7578947368421053,0.8456375838926175,0.1,0.8813559322033898,0.7428571428571429,0.8062015503875969,0.9,0.03888888888888889,52,7,173,18,0.9543650793650794,0.9150554706810028
S5,0.05,1.8051173161457656,0.782608695652174,0.7346938775510204,0.7578947368421053,0.8456375838926175,0.1,0.8813559322033898,0.7428571428571429,0.8062015503875969,0.9,0.03888888888888889,52,7,173,18,0.9567460317460318,0.9174519663085451
S5,0.06,1.8392028240364857,0.782608695652174,0.7346938775510204,0.7578947368421053,0.8456375838926175,0.1,0.8813559322033898,0.7428571428571429,0.8062015503875969,0.9,0.03888888888888889,52,7,173,18,0.9589682539682539,0.9189142547144493
S5,0.07,1.8732883319272058,0.782608695652174,0.7346938775510204,0.7578947368421053,0.8456375838926175,0.1,0.8793103448275862,0.7285714285714285,0.796875,0.896,0.03888888888888889,51,7,173,19,0.961031746031746,0.9203175466002962
S5,0.08,2.060830065204999,0.813953488372093,0.7142857142857143,0.7608695652173914,0.8523489932885906,0.08,0.9090909090909091,0.7142857142857143,0.8,0.9,0.027777777777777776,50,5,175,20,0.9624603174603175,0.9214588490001379
S5,0.09,2.1039645347984646,0.813953488372093,0.7142857142857143,0.7608695652173914,0.8523489932885906,0.08,0.9090909090909091,0.7142857142857143,0.8,0.9,0.027777777777777776,50,5,175,20,0.9645238095238096,0.9233633537313514
S5,0.1,2.1470990043919307,0.813953488372093,0.7142857142857143,0.7608695652173914,0.8523489932885906,0.08,0.9090909090909091,0.7142857142857143,0.8,0.9,0.027777777777777776,50,5,175,20,0.966031746031746,0.924158996332982
S5,0.11,2.0096303634900865,0.8181818181818182,0.7346938775510204,0.7741935483870968,0.8590604026845637,0.08,0.8928571428571429,0.7142857142857143,0.7936507936507937,0.896,0.03333333333333333,50,6,174,20,0.9676190476190476,0.925243738448914
S5,0.12,2.0437158713808063,0.8181818181818182,0.7346938775510204,0.7741935483870968,0.8590604026845637,0.08,0.8928571428571429,0.7142857142857143,0.7936507936507937,0.896,0.03333333333333333,50,6,174,20,0.9687301587301588,0.9265830357266162
S5,0.13,2.077801379271526,0.8181818181818182,0.7346938775510204,0.7741935483870968,0.8590604026845637,0.08,0.8928571428571429,0.7142857142857143,0.7936507936507937,0.896,0.03333333333333333,50,6,174,20,0.9704761904761905,0.9284276708043826
S5,0.14,2.1118868871622465,0.8181818181818182,0.7346938775510204,0.7741935483870968,0.8590604026845637,0.08,0.8928571428571429,0.7142857142857143,0.7936507936507937,0.896,0.03333333333333333,50,6,174,20,0.9713492063492064,0.9291410959587258
S5,0.15,2.1459723950529668,0.8181818181818182,0.7346938775510204,0.7741935483870968,0.8590604026845637,0.08,0.8928571428571429,0.7142857142857143,0.7936507936507937,0.896,0.03333333333333333,50,6,174,20,0.9725396825396826,0.930726026751925
S5,0.16,1.9695228910766265,0.8043478260869565,0.7551020408163265,0.7789473684210526,0.8590604026845637,0.09,0.896551724137931,0.7428571428571429,0.8125,0.904,0.03333333333333333,52,6,174,18,0.9733333333333334,0.9313399738742153
S5,0.17,2.0475974760903193,0.8222222222222222,0.7551020408163265,0.7872340425531914,0.8657718120805369,0.08,0.896551724137931,0.7428571428571429,0.8125,0.904,0.03333333333333333,52,6,174,18,0.9737301587301588,0.9315460840542921
S5,0.18,2.125672061104012,0.8222222222222222,0.7551020408163265,0.7872340425531914,0.8657718120805369,0.08,0.8947368421052632,0.7285714285714285,0.8031496062992126,0.9,0.03333333333333333,51,6,174,19,0.9751587301587301,0.9337969638459289
S5,0.19,1.9825738750231503,0.8085106382978723,0.7755102040816326,0.7916666666666665,0.8657718120805369,0.09,0.8852459016393442,0.7714285714285715,0.8244274809160306,0.908,0.03888888888888889,54,7,173,16,0.9755555555555556,0.934054025681315
S5,0.2,2.0724398769067505,0.8260869565217391,0.7755102040816326,0.8,0.87248322147651,0.08,0.9,0.7714285714285715,0.8307692307692307,0.912,0.03333333333333333,54,6,174,16,0.9764285714285714,0.9351682517451051
S5,0.21,2.1192133945516702,0.8260869565217391,0.7755102040816326,0.8,0.87248322147651,0.08,0.9,0.7714285714285715,0.8307692307692307,0.912,0.03333333333333333,54,6,174,16,0.977063492063492,0.935937276466134
S5,0.22,2.111031272489709,0.8260869565217391,0.7755102040816326,0.8,0.87248322147651,0.08,0.9,0.7714285714285715,0.8307692307692307,0.912,0.03333333333333333,54,6,174,16,0.9773809523809525,0.936511046907277
S5,0.23,2.012718102408057,0.8125,0.7959183673469388,0.8041237113402061,0.87248322147651,0.09,0.8870967741935484,0.7857142857142857,0.8333333333333333,0.912,0.03888888888888889,55,7,173,15,0.9777777777777777,0.9369658939787704
S5,0.24,2.0937361096212688,0.8125,0.7959183673469388,0.8041237113402061,0.87248322147651,0.09,0.8852459016393442,0.7714285714285715,0.8244274809160306,0.908,0.03888888888888889,54,7,173,16,0.9780952380952381,0.937633397123016
S5,0.25,2.0208519525292976,0.8163265306122449,0.8163265306122449,0.8163265306122449,0.8791946308724832,0.09,0.8888888888888888,0.8,0.8421052631578948,0.916,0.03888888888888889,56,7,173,14,0.9781746031746031,0.9374692558216706
S5,0.26,2.045182636101886,0.8163265306122449,0.8163265306122449,0.8163265306122449,0.8791946308724832,0.09,0.890625,0.8142857142857143,0.8507462686567163,0.92,0.03888888888888889,57,7,173,13,0.978015873015873,0.9365894996648033
S5,0.27,2.018316981703387,0.8163265306122449,0.8163265306122449,0.8163265306122449,0.8791946308724832,0.09,0.8939393939393939,0.8428571428571429,0.8676470588235294,0.928,0.03888888888888889,59,7,173,11,0.9783333333333333,0.937120389057352
S5,0.28,1.846214298883753,0.7543859649122807,0.8775510204081632,0.8113207547169812,0.8657718120805369,0.14,0.8695652173913043,0.8571428571428571,0.8633093525179856,0.924,0.05,60,9,171,10,0.9787301587301588,0.937897985672569
S5,0.29,1.904664227581025,0.7678571428571429,0.8775510204081632,0.819047619047619,0.87248322147651,0.13,0.8714285714285714,0.8714285714285714,0.8714285714285714,0.928,0.05,61,9,171,9,0.9791269841269842,0.9389377669825691
S5,0.3,1.9377200185078909,0.7818181818181819,0.8775510204081632,0.8269230769230769,0.8791946308724832,0.12,0.8714285714285714,0.8714285714285714,0.8714285714285714,0.928,0.05,61,9,171,9,0.979047619047619,0.938382458675651
S5,0.31,1.910854364109392,0.7818181818181819,0.8775510204081632,0.8269230769230769,0.8791946308724832,0.12,0.8714285714285714,0.8714285714285714,0.8714285714285714,0.928,0.05,61,9,171,9,0.9788888888888889,0.9378636944688485
S5,0.32,2.0292100518700975,0.7884615384615384,0.8367346938775511,0.8118811881188118,0.87248322147651,0.11,0.8840579710144928,0.8714285714285714,0.8776978417266188,0.932,0.044444444444444446,61,8,172,9,0.9792063492063492,0.9384333528012544
S5,0.33,2.0210279298081364,0.7884615384615384,0.8367346938775511,0.8118811881188118,0.87248322147651,0.11,0.8840579710144928,0.8714285714285714,0.8776978417266188,0.932,0.044444444444444446,61,8,172,9,0.9796825396825397,0.9395946640639693
S5,0.34,2.168925324651555,0.8,0.8163265306122449,0.8080808080808082,0.87248322147651,0.1,0.8805970149253731,0.8428571428571429,0.8613138686131387,0.924,0.044444444444444446,59,8,172,11,0.9802380952380952,0.9407109837821921
S5,0.35,2.2217775440656613,0.8,0.8163265306122449,0.8080808080808082,0.87248322147651,0.1,0.8805970149253731,0.8428571428571429,0.8613138686131387,0.924,0.044444444444444446,59,8,172,11,0.9803174603174603,0.9410750894911254
S5,0.36,2.2746297634797674,0.8,0.8163265306122449,0.8080808080808082,0.87248322147651,0.1,0.8805970149253731,0.8428571428571429,0.8613138686131387,0.924,0.044444444444444446,59,8,172,11,0.9805555555555555,0.9415715068296345
S5,0.37,2.3108790226144738,0.8,0.8163265306122449,0.8080808080808082,0.87248322147651,0.1,0.8805970149253731,0.8428571428571429,0.8613138686131387,0.924,0.044444444444444446,59,8,172,11,0.9803174603174603,0.9409346695092102
S5,0.38,2.2782344819007294,0.8,0.8163265306122449,0.8080808080808082,0.87248322147651,0.1,0.8823529411764706,0.8571428571428571,0.8695652173913043,0.928,0.044444444444444446,60,8,172,10,0.9803174603174603,0.9408279520437623
S5,0.39,2.2455899411869846,0.7843137254901961,0.8163265306122449,0.8,0.8657718120805369,0.11,0.8823529411764706,0.8571428571428571,0.8695652173913043,0.928,0.044444444444444446,60,8,172,10,0.9803968253968254,0.9413021267098778
S5,0.4,1.9637530753744086,0.7592592592592593,0.8367346938775511,0.796116504854369,0.8590604026845637,0.13,0.875,0.9,0.8873239436619719,0.936,0.05,63,9,171,7,0.9804761904761904,0.9414762783177035
S5,0.41,1.9555709533124475,0.7592592592592593,0.8367346938775511,0.796116504854369,0.8590604026845637,0.13,0.8767123287671232,0.9142857142857143,0.8951048951048951,0.94,0.05,64,9,171,6,0.9805555555555555,0.9414535299179723
S5,0.42,2.147656319045751,0.7692307692307693,0.8163265306122449,0.7920792079207921,0.8590604026845637,0.12,0.8873239436619719,0.9,0.8936170212765958,0.94,0.044444444444444446,63,8,172,7,0.9804761904761905,0.941200048146215
S5,0.43,2.1150117783320064,0.7692307692307693,0.8163265306122449,0.7920792079207921,0.8590604026845637,0.12,0.8873239436619719,0.9,0.8936170212765958,0.94,0.044444444444444446,63,8,172,7,0.9807142857142856,0.941488793595778
S5,0.44,2.0823672376182616,0.7547169811320755,0.8163265306122449,0.7843137254901962,0.8523489932885906,0.13,0.8888888888888888,0.9142857142857143,0.9014084507042254,0.944,0.044444444444444446,64,8,172,6,0.9807936507936508,0.9416542071296126
S5,0.45,2.049722696904517,0.7547169811320755,0.8163265306122449,0.7843137254901962,0.8523489932885906,0.13,0.8888888888888888,0.9142857142857143,0.9014084507042254,0.944,0.044444444444444446,64,8,172,6,0.9809523809523809,0.9422346410253493
S5,0.46,2.803151957620828,0.8372093023255814,0.7346938775510204,0.782608695652174,0.8657718120805369,0.07,0.890625,0.8142857142857143,0.8507462686567163,0.92,0.03888888888888889,57,7,173,13,0.981111111111111,0.9427141176217233
S5,0.47,2.856004177034934,0.8372093023255814,0.7346938775510204,0.782608695652174,0.8657718120805369,0.07,0.890625,0.8142857142857143,0.8507462686567163,0.92,0.03888888888888889,57,7,173,13,0.9812698412698413,0.943287238471342
S5,0.48,2.90885639644904,0.8372093023255814,0.7346938775510204,0.782608695652174,0.8657718120805369,0.07,0.890625,0.8142857142857143,0.8507462686567163,0.92,0.03888888888888889,57,7,173,13,0.9812698412698413,0.9432004242790227
S5,0.49,2.961708615863146,0.8372093023255814,0.7346938775510204,0.782608695652174,0.8657718120805369,0.07,0.8888888888888888,0.8,0.8421052631578948,0.916,0.03888888888888889,56,7,173,14,0.9813492063492063,0.9434205507506168
S5,0.5,3.014560835277252,0.8372093023255814,0.7346938775510204,0.782608695652174,0.8657718120805369,0.07,0.8888888888888888,0.8,0.8421052631578948,0.916,0.03888888888888889,56,7,173,14,0.9812698412698413,0.9431533009935712
S5,0.51,3.0674130546913583,0.8372093023255814,0.7346938775510204,0.782608695652174,0.8657718120805369,0.07,0.8888888888888888,0.8,0.8421052631578948,0.916,0.03888888888888889,56,7,173,14,0.9811904761904762,0.9426190460341078
S5,0.52,3.120265274105464,0.8372093023255814,0.7346938775510204,0.782608695652174,0.8657718120805369,0.07,0.8888888888888888,0.8,0.8421052631578948,0.916,0.03888888888888889,56,7,173,14,0.9813492063492063,0.943265015453718
S5,0.53,3.1731174935195705,0.8372093023255814,0.7346938775510204,0.782608695652174,0.8657718120805369,0.07,0.8870967741935484,0.7857142857142857,0.8333333333333333,0.912,0.03888888888888889,55,7,173,15,0.9814285714285714,0.9435322652107636
S5,0.54,3.2259697129336766,0.8372093023255814,0.7346938775510204,0.782608695652174,0.8657718120805369,0.07,0.9016393442622951,0.7857142857142857,0.8396946564885497,0.916,0.03333333333333333,55,6,174,15,0.9815873015873016,0.9445096424943027
S5,0.55,3.2788219323477823,0.8372093023255814,0.7346938775510204,0.782608695652174,0.8657718120805369,0.07,0.9016393442622951,0.7857142857142857,0.8396946564885497,0.916,0.03333333333333333,55,6,174,15,0.9813492063492063,0.9437295504877264
S5,0.56,3.331674151761889,0.8372093023255814,0.7346938775510204,0.782608695652174,0.8657718120805369,0.07,0.9016393442622951,0.7857142857142857,0.8396946564885497,0.916,0.03333333333333333,55,6,174,15,0.9812698412698413,0.9435607886871562
S5,0.57,3.3754391624066127,0.8372093023255814,0.7346938775510204,0.782608695652174,0.8657718120805369,0.07,0.9,0.7714285714285715,0.8307692307692307,0.912,0.03333333333333333,54,6,174,16,0.981111111111111,0.942757704502348
S5,0.58,3.392442210131655,0.8372093023255814,0.7346938775510204,0.782608695652174,0.8657718120805369,0.07,0.9,0.7714285714285715,0.8307692307692307,0.912,0.03333333333333333,54,6,174,16,0.9807936507936508,0.9420760097605848
S5,0.59,3.4902308100042063,0.875,0.7142857142857143,0.7865168539325842,0.87248322147651,0.05,0.8983050847457628,0.7571428571428571,0.8217054263565892,0.908,0.03333333333333333,53,6,174,17,0.9804761904761904,0.940948357212499
S5,0.6,3.5430830294183124,0.875,0.7142857142857143,0.7865168539325842,0.87248322147651,0.05,0.8983050847457628,0.7571428571428571,0.8217054263565892,0.908,0.03333333333333333,53,6,174,17,0.9805555555555555,0.9411094742909094
S5,0.61,3.5726563922808965,0.875,0.7142857142857143,0.7865168539325842,0.87248322147651,0.05,0.8983050847457628,0.7571428571428571,0.8217054263565892,0.908,0.03333333333333333,53,6,174,17,0.9802380952380952,0.9398931366545729
S5,0.62,3.556639716729549,0.875,0.7142857142857143,0.7865168539325842,0.87248322147651,0.05,0.8983050847457628,0.7571428571428571,0.8217054263565892,0.908,0.03333333333333333,53,6,174,17,0.9801587301587301,0.9397447304086057
S5,0.63,3.5406230411782014,0.8536585365853658,0.7142857142857143,0.7777777777777778,0.8657718120805369,0.06,0.8983050847457628,0.7571428571428571,0.8217054263565892,0.908,0.03333333333333333,53,6,174,17,0.9797619047619047,0.9385457013641788
S5,0.64,3.4944604964819095,0.8181818181818182,0.7346938775510204,0.7741935483870968,0.8590604026845637,0.08,0.8870967741935484,0.7857142857142857,0.8333333333333333,0.912,0.03888888888888889,55,7,173,15,0.9796031746031746,0.9378846307098119
S5,0.65,3.5085896900755067,0.8181818181818182,0.7346938775510204,0.7741935483870968,0.8590604026845637,0.08,0.8870967741935484,0.7857142857142857,0.8333333333333333,0.912,0.03888888888888889,55,7,173,15,0.9793650793650793,0.9371227739866617
S5,0.66,2.8125928284445925,0.7916666666666666,0.7755102040816326,0.7835051546391752,0.8590604026845637,0.1,0.8823529411764706,0.8571428571428571,0.8695652173913043,0.928,0.044444444444444446,60,8,172,10,0.9792063492063492,0.9366595148105746
S5,0.67,2.862739923068061,0.7916666666666666,0.7755102040816326,0.7835051546391752,0.8590604026845637,0.1,0.8823529411764706,0.8571428571428571,0.8695652173913043,0.928,0.044444444444444446,60,8,172,10,0.9792857142857143,0.9371031102756803
S5,0.68,2.8766973945424565,0.7916666666666666,0.7755102040816326,0.7835051546391752,0.8590604026845637,0.1,0.8823529411764706,0.8571428571428571,0.8695652173913043,0.928,0.044444444444444446,60,8,172,10,0.9791269841269841,0.9372562875170388
S5,0.69,2.885680522019055,0.7916666666666666,0.7755102040816326,0.7835051546391752,0.8590604026845637,0.1,0.8823529411764706,0.8571428571428571,0.8695652173913043,0.928,0.044444444444444446,60,8,172,10,0.9788888888888889,0.9366563782766877
S5,0.7,2.894663649495654,0.7755102040816326,0.7755102040816326,0.7755102040816326,0.8523489932885906,0.11,0.8823529411764706,0.8571428571428571,0.8695652173913043,0.928,0.044444444444444446,60,8,172,10,0.9785714285714285,0.9350665321780309
S5,0.71,2.9036467769722525,0.7755102040816326,0.7755102040816326,0.7755102040816326,0.8523489932885906,0.11,0.8823529411764706,0.8571428571428571,0.8695652173913043,0.928,0.044444444444444446,60,8,172,10,0.9783333333333333,0.9343447133280313
S5,0.72,3.1134753961854025,0.7872340425531915,0.7551020408163265,0.7708333333333333,0.8523489932885906,0.1,0.8923076923076924,0.8285714285714286,0.8592592592592593,0.924,0.03888888888888889,58,7,173,12,0.9782539682539683,0.9343618947422214
S5,0.73,3.163622490808871,0.7872340425531915,0.7551020408163265,0.7708333333333333,0.8523489932885906,0.1,0.8923076923076924,0.8285714285714286,0.8592592592592593,0.924,0.03888888888888889,58,7,173,12,0.9779365079365079,0.9335139818841045
S5,0.74,3.1883310211255704,0.7872340425531915,0.7551020408163265,0.7708333333333333,0.8523489932885906,0.1,0.890625,0.8142857142857143,0.8507462686567163,0.92,0.03888888888888889,57,7,173,13,0.9778571428571428,0.9333308437478796
S5,0.75,3.117983591129113,0.7872340425531915,0.7551020408163265,0.7708333333333333,0.8523489932885906,0.1,0.8787878787878788,0.8285714285714286,0.8529411764705883,0.92,0.044444444444444446,58,8,172,12,0.9777777777777777,0.9336034023117941
S5,0.76,3.0476361611326555,0.7708333333333334,0.7551020408163265,0.7628865979381444,0.8456375838926175,0.11,0.8805970149253731,0.8428571428571429,0.8613138686131387,0.924,0.044444444444444446,59,8,172,11,0.9774603174603174,0.9324754210997765
S5,0.77,2.957545541831845,0.7450980392156863,0.7755102040816326,0.76,0.8389261744966443,0.13,0.8805970149253731,0.8428571428571429,0.8613138686131387,0.924,0.044444444444444446,59,8,172,11,0.9771428571428571,0.9313668248503197
S5,0.78,2.9069413011397414,0.7450980392156863,0.7755102040816326,0.76,0.8389261744966443,0.13,0.8805970149253731,0.8428571428571429,0.8613138686131387,0.924,0.044444444444444446,59,8,172,11,0.9769047619047619,0.9312915412131075
S5,0.79,3.284356232356644,0.782608695652174,0.7346938775510204,0.7578947368421053,0.8456375838926175,0.1,0.8888888888888888,0.8,0.8421052631578948,0.916,0.03888888888888889,56,7,173,14,0.9765079365079365,0.930358539584416
S5,0.8,3.2683395568052966,0.782608695652174,0.7346938775510204,0.7578947368421053,0.8456375838926175,0.1,0.8888888888888888,0.8,0.8421052631578948,0.916,0.03888888888888889,56,7,173,14,0.9764285714285714,0.9301027253425653
S5,0.81,3.2523228812539493,0.782608695652174,0.7346938775510204,0.7578947368421053,0.8456375838926175,0.1,0.8888888888888888,0.8,0.8421052631578948,0.916,0.03888888888888889,56,7,173,14,0.975952380952381,0.9285155596446929
S5,0.82,3.002461179214838,0.74,0.7551020408163265,0.7474747474747474,0.8322147651006712,0.13,0.8787878787878788,0.8285714285714286,0.8529411764705883,0.92,0.044444444444444446,58,8,172,12,0.9757142857142858,0.9278490079078776
S5,0.83,3.0114443066914367,0.74,0.7551020408163265,0.7474747474747474,0.8322147651006712,0.13,0.8787878787878788,0.8285714285714286,0.8529411764705883,0.92,0.044444444444444446,58,8,172,12,0.9754761904761905,0.9274862123023033
S5,0.84,3.0204274341680355,0.74,0.7551020408163265,0.7474747474747474,0.8322147651006712,0.13,0.8787878787878788,0.8285714285714286,0.8529411764705883,0.92,0.044444444444444446,58,8,172,12,0.9751587301587301,0.9268482560850788
S5,0.85,3.0294105616446343,0.74,0.7551020408163265,0.7474747474747474,0.8322147651006712,0.13,0.8787878787878788,0.8285714285714286,0.8529411764705883,0.92,0.044444444444444446,58,8,172,12,0.9746031746031747,0.9255235053706572
S5,0.86,3.0383936891212326,0.74,0.7551020408163265,0.7474747474747474,0.8322147651006712,0.13,0.8787878787878788,0.8285714285714286,0.8529411764705883,0.92,0.044444444444444446,58,8,172,12,0.9745238095238096,0.9253917606118074
S5,0.87,3.0473768165978314,0.74,0.7551020408163265,0.7474747474747474,0.8322147651006712,0.13,0.8769230769230769,0.8142857142857143,0.8444444444444444,0.916,0.044444444444444446,57,8,172,13,0.9741269841269841,0.924361110367387
S5,0.88,3.0563599440744307,0.74,0.7551020408163265,0.7474747474747474,0.8322147651006712,0.13,0.8787878787878788,0.8285714285714286,0.8529411764705883,0.92,0.044444444444444446,58,8,172,12,0.974047619047619,0.9244226402904006
S5,0.89,3.065343071551029,0.74,0.7551020408163265,0.7474747474747474,0.8322147651006712,0.13,0.8787878787878788,0.8285714285714286,0.8529411764705883,0.92,0.044444444444444446,58,8,172,12,0.9737301587301587,0.9240305387485626
S5,0.9,3.074326199027628,0.74,0.7551020408163265,0.7474747474747474,0.8322147651006712,0.13,0.8787878787878788,0.8285714285714286,0.8529411764705883,0.92,0.044444444444444446,58,8,172,12,0.9734126984126984,0.9234728213993217
S5,0.91,3.083309326504226,0.74,0.7551020408163265,0.7474747474747474,0.8322147651006712,0.13,0.8636363636363636,0.8142857142857143,0.8382352941176471,0.912,0.05,57,9,171,13,0.9727777777777777,0.9225231501496672
S5,0.92,3.0707901566268534,0.74,0.7551020408163265,0.7474747474747474,0.8322147651006712,0.13,0.8636363636363636,0.8142857142857143,0.8382352941176471,0.912,0.05,57,9,171,13,0.9723015873015873,0.9201196726177491
S5,0.93,3.0348608018643315,0.74,0.7551020408163265,0.7474747474747474,0.8322147651006712,0.13,0.8656716417910447,0.8285714285714286,0.8467153284671534,0.916,0.05,58,9,171,12,0.9719841269841271,0.9188875892794786
S5,0.94,2.99893144710181,0.74,0.7551020408163265,0.7474747474747474,0.8322147651006712,0.13,0.8529411764705882,0.8285714285714286,0.8405797101449276,0.912,0.05555555555555555,58,10,170,12,0.9716666666666667,0.9185977982622048
S5,0.95,2.963002092339288,0.7254901960784313,0.7551020408163265,0.74,0.825503355704698,0.14,0.8529411764705882,0.8285714285714286,0.8405797101449276,0.912,0.05555555555555555,58,10,170,12,0.9712698412698413,0.918256304367962
S5,0.96,2.927072737576766,0.7115384615384616,0.7551020408163265,0.7326732673267328,0.8187919463087249,0.15,0.855072463768116,0.8428571428571429,0.8489208633093526,0.916,0.05555555555555555,59,10,170,11,0.971031746031746,0.9175926174041571
S5,0.97,2.890942399276491,0.7115384615384616,0.7551020408163265,0.7326732673267328,0.8187919463087249,0.15,0.855072463768116,0.8428571428571429,0.8489208633093526,0.916,0.05555555555555555,59,10,170,11,0.9705555555555555,0.9165825376858235
S5,0.98,2.8124704594539782,0.7115384615384616,0.7551020408163265,0.7326732673267328,0.8187919463087249,0.15,0.8428571428571429,0.8428571428571429,0.8428571428571429,0.912,0.06111111111111111,59,11,169,11,0.9706349206349205,0.9176433973629956
S5,0.99,2.7339985196314665,0.7115384615384616,0.7551020408163265,0.7326732673267328,0.8187919463087249,0.15,0.8450704225352113,0.8571428571428571,0.851063829787234,0.916,0.06111111111111111,60,11,169,10,0.9698412698412698,0.9163692219165492
S5,1.0,2.783355318526678,0.7058823529411765,0.7346938775510204,0.7200000000000001,0.8120805369127517,0.15,0.8428571428571429,0.8428571428571429,0.8428571428571429,0.912,0.06111111111111111,59,11,169,11,0.9690476190476192,0.9150818859353809
S6,0.0,2.3969523315299517,0.7954545454545454,0.7142857142857143,0.7526881720430106,0.8456375838926175,0.09,0.9074074074074074,0.7,0.7903225806451613,0.896,0.027777777777777776,49,5,175,21,0.955952380952381,0.9191105517393378
S6,0.01,2.4332748208926906,0.813953488372093,0.7142857142857143,0.7608695652173914,0.8523489932885906,0.08,0.9245283018867925,0.7,0.7967479674796748,0.9,0.022222222222222223,49,4,176,21,0.9580158730158731,0.9209087178739089
S6,0.02,2.4695973102554305,0.813953488372093,0.7142857142857143,0.7608695652173914,0.8523489932885906,0.08,0.9245283018867925,0.7,0.7967479674796748,0.9,0.022222222222222223,49,4,176,21,0.9606349206349207,0.9227453140220604
S6,0.03,2.5059197996181695,0.813953488372093,0.7142857142857143,0.7608695652173914,0.8523489932885906,0.08,0.9245283018867925,0.7,0.7967479674796748,0.9,0.022222222222222223,49,4,176,21,0.9631746031746032,0.924510561099578
S6,0.04,2.511445052230519,0.813953488372093,0.7142857142857143,0.7608695652173914,0.8523489932885906,0.08,0.9245283018867925,0.7,0.7967479674796748,0.9,0.022222222222222223,49,4,176,21,0.964920634920635,0.9256800207531284
S6,0.05,2.500626101182876,0.813953488372093,0.7142857142857143,0.7608695652173914,0.8523489932885906,0.08,0.9245283018867925,0.7,0.7967479674796748,0.9,0.022222222222222223,49,4,176,21,0.9669841269841271,0.9275594925803653
S6,0.06,2.4898071501352326,0.813953488372093,0.7142857142857143,0.7608695652173914,0.8523489932885906,0.08,0.9259259259259259,0.7142857142857143,0.8064516129032259,0.904,0.022222222222222223,50,4,176,20,0.9684126984126984,0.9286930333558289
S6,0.07,2.478988199087589,0.813953488372093,0.7142857142857143,0.7608695652173914,0.8523489932885906,0.08,0.9090909090909091,0.7142857142857143,0.8,0.9,0.027777777777777776,50,5,175,20,0.9697619047619048,0.9300313470494975
S6,0.08,2.4516464467907726,0.813953488372093,0.7142857142857143,0.7608695652173914,0.8523489932885906,0.08,0.9107142857142857,0.7285714285714285,0.8095238095238095,0.904,0.027777777777777776,51,5,175,19,0.9710317460317459,0.9309146212612553
S6,0.09,2.420006281236267,0.7954545454545454,0.7142857142857143,0.7526881720430106,0.8456375838926175,0.09,0.9107142857142857,0.7285714285714285,0.8095238095238095,0.904,0.027777777777777776,51,5,175,19,0.9720634920634921,0.931944810258895
S6,0.1,2.3883661156817615,0.7954545454545454,0.7142857142857143,0.7526881720430106,0.8456375838926175,0.09,0.9107142857142857,0.7285714285714285,0.8095238095238095,0.904,0.027777777777777776,51,5,175,19,0.9738095238095237,0.9343704559389406
S6,0.11,2.356725950127256,0.7954545454545454,0.7142857142857143,0.7526881720430106,0.8456375838926175,0.09,0.9107142857142857,0.7285714285714285,0.8095238095238095,0.904,0.027777777777777776,51,5,175,19,0.9744444444444444,0.9347854091542043
S6,0.12,2.3250857845727504,0.7954545454545454,0.7142857142857143,0.7526881720430106,0.8456375838926175,0.09,0.9107142857142857,0.7285714285714285,0.8095238095238095,0.904,0.027777777777777776,51,5,175,19,0.9756349206349206,0.9365389850856894
S6,0.13,1.8009110773296457,0.7222222222222222,0.7959183673469388,0.7572815533980582,0.8322147651006712,0.15,0.8656716417910447,0.8285714285714286,0.8467153284671534,0.916,0.05,58,9,171,12,0.9768253968253968,0.9379354059290197
S6,0.14,1.8866675020453365,0.7222222222222222,0.7959183673469388,0.7572815533980582,0.8322147651006712,0.15,0.8787878787878788,0.8285714285714286,0.8529411764705883,0.92,0.044444444444444446,58,8,172,12,0.9776190476190476,0.9392021257674921
S6,0.15,1.9656951675027299,0.7222222222222222,0.7959183673469388,0.7572815533980582,0.8322147651006712,0.15,0.8769230769230769,0.8142857142857143,0.8444444444444444,0.916,0.044444444444444446,57,8,172,13,0.977936507936508,0.9393119039485686
S6,0.16,1.0893399366566194,0.671875,0.8775510204081632,0.7610619469026548,0.8187919463087249,0.21,0.8227848101265823,0.9285714285714286,0.87248322147651,0.924,0.07777777777777778,65,14,166,5,0.9786507936507938,0.9405044157524249
S6,0.17,2.052553441349314,0.7358490566037735,0.7959183673469388,0.7647058823529412,0.8389261744966443,0.14,0.8769230769230769,0.8142857142857143,0.8444444444444444,0.916,0.044444444444444446,57,8,172,13,0.9794444444444445,0.9417470215091068
S6,0.18,2.095982578272606,0.7358490566037735,0.7959183673469388,0.7647058823529412,0.8389261744966443,0.14,0.8769230769230769,0.8142857142857143,0.8444444444444444,0.916,0.044444444444444446,57,8,172,13,0.9797619047619047,0.9423076143132663
S6,0.19,2.5089594893608242,0.8333333333333334,0.7142857142857143,0.7692307692307692,0.8590604026845637,0.07,0.896551724137931,0.7428571428571429,0.8125,0.904,0.03333333333333333,52,6,174,18,0.9801587301587301,0.9433592207541139
S6,0.2,1.7380791971562501,0.7192982456140351,0.8367346938775511,0.7735849056603773,0.8389261744966443,0.16,0.8695652173913043,0.8571428571428571,0.8633093525179856,0.924,0.05,60,9,171,10,0.9803968253968254,0.9437178056205494
S6,0.21,2.6575725398019596,0.8536585365853658,0.7142857142857143,0.7777777777777778,0.8657718120805369,0.06,0.9285714285714286,0.7428571428571429,0.8253968253968255,0.912,0.022222222222222223,52,4,176,18,0.9805555555555556,0.9440534223993415
S6,0.22,2.5727188997708628,0.8372093023255814,0.7346938775510204,0.782608695652174,0.8657718120805369,0.07,0.8983050847457628,0.7571428571428571,0.8217054263565892,0.908,0.03333333333333333,53,6,174,17,0.9805555555555556,0.9438903676158772
S6,0.23,2.6584753244865538,0.8571428571428571,0.7346938775510204,0.7912087912087913,0.87248322147651,0.06,0.896551724137931,0.7428571428571429,0.8125,0.904,0.03333333333333333,52,6,174,18,0.9806349206349206,0.9438809150291583
S6,0.24,2.7442317492022443,0.8571428571428571,0.7346938775510204,0.7912087912087913,0.87248322147651,0.06,0.9285714285714286,0.7428571428571429,0.8253968253968255,0.912,0.022222222222222223,52,4,176,18,0.9807142857142858,0.944015759664687
S6,0.25,2.8299881739179353,0.8571428571428571,0.7346938775510204,0.7912087912087913,0.87248322147651,0.06,0.9285714285714286,0.7428571428571429,0.8253968253968255,0.912,0.022222222222222223,52,4,176,18,0.981111111111111,0.9448649883362297
S6,0.26,2.8240392292760648,0.8571428571428571,0.7346938775510204,0.7912087912087913,0.87248322147651,0.06,0.9285714285714286,0.7428571428571429,0.8253968253968255,0.912,0.022222222222222223,52,4,176,18,0.9814285714285714,0.9456438299722888
S6,0.27,2.7893126580378556,0.8571428571428571,0.7346938775510204,0.7912087912087913,0.87248322147651,0.06,0.9152542372881356,0.7714285714285715,0.8372093023255813,0.916,0.027777777777777776,54,5,175,16,0.9815873015873016,0.945859770442186
S6,0.28,2.754586086799646,0.8571428571428571,0.7346938775510204,0.7912087912087913,0.87248322147651,0.06,0.9166666666666666,0.7857142857142857,0.8461538461538461,0.92,0.027777777777777776,55,5,175,15,0.9818253968253969,0.9463534834674963
S6,0.29,2.708378360317961,0.8604651162790697,0.7551020408163265,0.8043478260869564,0.8791946308724832,0.06,0.9016393442622951,0.7857142857142857,0.8396946564885497,0.916,0.03333333333333333,55,6,174,15,0.9819841269841271,0.9466883961887763
S6,0.3,2.685132944323227,0.8604651162790697,0.7551020408163265,0.8043478260869564,0.8791946308724832,0.06,0.8888888888888888,0.8,0.8421052631578948,0.916,0.03888888888888889,56,7,173,14,0.9821428571428572,0.9470380729642301
S6,0.31,2.644011533891697,0.8125,0.7959183673469388,0.8041237113402061,0.87248322147651,0.09,0.8888888888888888,0.8,0.8421052631578948,0.916,0.03888888888888889,56,7,173,14,0.9822222222222223,0.9470167971141566
S6,0.32,2.7039904951986946,0.8636363636363636,0.7755102040816326,0.8172043010752688,0.8859060402684564,0.06,0.8888888888888888,0.8,0.8421052631578948,0.916,0.03888888888888889,56,7,173,14,0.9822222222222223,0.9470167971141566
S6,0.33,2.7474196321219866,0.8636363636363636,0.7755102040816326,0.8172043010752688,0.8859060402684564,0.06,0.890625,0.8142857142857143,0.8507462686567163,0.92,0.03888888888888889,57,7,173,13,0.9824603174603175,0.9474565048269379
S6,0.34,2.790848769045279,0.8604651162790697,0.7551020408163265,0.8043478260869564,0.8791946308724832,0.06,0.890625,0.8142857142857143,0.8507462686567163,0.92,0.03888888888888889,57,7,173,13,0.9823809523809524,0.9471065149069577
S6,0.35,2.8342779059685705,0.8604651162790697,0.7551020408163265,0.8043478260869564,0.8791946308724832,0.06,0.9032258064516129,0.8,0.8484848484848486,0.92,0.03333333333333333,56,6,174,14,0.9825396825396826,0.9470662908317473
S6,0.36,2.335397203996254,0.7592592592592593,0.8367346938775511,0.796116504854369,0.8590604026845637,0.13,0.8970588235294118,0.8714285714285714,0.8840579710144928,0.936,0.03888888888888889,61,7,173,9,0.983015873015873,0.9486776132533572
S6,0.37,2.3976280067884663,0.7592592592592593,0.8367346938775511,0.796116504854369,0.8590604026845637,0.13,0.8970588235294118,0.8714285714285714,0.8840579710144928,0.936,0.03888888888888889,61,7,173,9,0.9828571428571429,0.9482530053510316
S6,0.38,2.4073203744175506,0.7592592592592593,0.8367346938775511,0.796116504854369,0.8590604026845637,0.13,0.8970588235294118,0.8714285714285714,0.8840579710144928,0.936,0.03888888888888889,61,7,173,9,0.982936507936508,0.9483733638002585
S6,0.39,2.3725938031793414,0.7592592592592593,0.8367346938775511,0.796116504854369,0.8590604026845637,0.13,0.8857142857142857,0.8857142857142857,0.8857142857142857,0.936,0.044444444444444446,62,8,172,8,0.982936507936508,0.9483037074174052
S6,0.4,2.3378672319411318,0.7592592592592593,0.8367346938775511,0.796116504854369,0.8590604026845637,0.13,0.8857142857142857,0.8857142857142857,0.8857142857142857,0.936,0.044444444444444446,62,8,172,8,0.9826984126984127,0.9475158148140067
S6,0.41,2.3031406607029226,0.7592592592592593,0.8367346938775511,0.796116504854369,0.8590604026845637,0.13,0.8857142857142857,0.8857142857142857,0.8857142857142857,0.936,0.044444444444444446,62,8,172,8,0.9826190476190476,0.9471819713146333
S6,0.42,3.0745323636728834,0.8571428571428571,0.7346938775510204,0.7912087912087913,0.87248322147651,0.06,0.9032258064516129,0.8,0.8484848484848486,0.92,0.03333333333333333,56,6,174,14,0.9827777777777778,0.9479820304687298
S6,0.43,2.7710128235417373,0.8085106382978723,0.7755102040816326,0.7916666666666665,0.8657718120805369,0.09,0.8955223880597015,0.8571428571428571,0.8759124087591241,0.932,0.03888888888888889,60,7,173,10,0.9826984126984127,0.9476884105290241
S6,0.44,2.9685504064316417,0.8409090909090909,0.7551020408163265,0.7956989247311828,0.87248322147651,0.07,0.90625,0.8285714285714286,0.8656716417910447,0.928,0.03333333333333333,58,6,174,12,0.9827777777777778,0.9484290661494186
S6,0.45,3.0428917875750208,0.8604651162790697,0.7551020408163265,0.8043478260869564,0.8791946308724832,0.06,0.9047619047619048,0.8142857142857143,0.857142857142857,0.924,0.03333333333333333,57,6,174,13,0.9826984126984127,0.9482113995760425
S6,0.46,2.9577052319183728,0.8260869565217391,0.7755102040816326,0.8,0.87248322147651,0.08,0.9047619047619048,0.8142857142857143,0.857142857142857,0.924,0.03333333333333333,57,6,174,13,0.9826984126984127,0.9481190410920846
S6,0.47,2.9727797721366396,0.8085106382978723,0.7755102040816326,0.7916666666666665,0.8657718120805369,0.09,0.9047619047619048,0.8142857142857143,0.857142857142857,0.924,0.03333333333333333,57,6,174,13,0.9825396825396826,0.9476176513601242
S6,0.48,3.0821668375027964,0.8409090909090909,0.7551020408163265,0.7956989247311828,0.87248322147651,0.07,0.9047619047619048,0.8142857142857143,0.857142857142857,0.924,0.03333333333333333,57,6,174,13,0.9826190476190476,0.9478256400992908
S6,0.49,3.085349187308144,0.8409090909090909,0.7551020408163265,0.7956989247311828,0.87248322147651,0.07,0.9047619047619048,0.8142857142857143,0.857142857142857,0.924,0.03333333333333333,57,6,174,13,0.9825396825396826,0.9474700213226195
S6,0.5,3.2066284430872205,0.8571428571428571,0.7346938775510204,0.7912087912087913,0.87248322147651,0.06,0.9047619047619048,0.8142857142857143,0.857142857142857,0.924,0.03333333333333333,57,6,174,13,0.9823015873015873,0.9466673844257577
S6,0.51,3.268859245879432,0.8571428571428571,0.7346938775510204,0.7912087912087913,0.87248322147651,0.06,0.9047619047619048,0.8142857142857143,0.857142857142857,0.924,0.03333333333333333,57,6,174,13,0.9823809523809524,0.9468086039907291
S6,0.52,3.331090048671644,0.8571428571428571,0.7346938775510204,0.7912087912087913,0.87248322147651,0.06,0.9032258064516129,0.8,0.8484848484848486,0.92,0.03333333333333333,56,6,174,14,0.9823015873015873,0.9464244503292645
S6,0.53,3.393320851463856,0.8571428571428571,0.7346938775510204,0.7912087912087913,0.87248322147651,0.06,0.9032258064516129,0.8,0.8484848484848486,0.92,0.03333333333333333,56,6,174,14,0.9823015873015873,0.9464244503292645
S6,0.54,3.455551654256068,0.8571428571428571,0.7346938775510204,0.7912087912087913,0.87248322147651,0.06,0.9180327868852459,0.8,0.8549618320610688,0.924,0.027777777777777776,56,5,175,14,0.9822222222222222,0.9462224945469515
S6,0.55,3.51778245704828,0.8571428571428571,0.7346938775510204,0.7912087912087913,0.87248322147651,0.06,0.9166666666666666,0.7857142857142857,0.8461538461538461,0.92,0.027777777777777776,55,5,175,15,0.9822222222222222,0.9462043075918823
S6,0.56,3.558963951432835,0.8571428571428571,0.7346938775510204,0.7912087912087913,0.87248322147651,0.06,0.9166666666666666,0.7857142857142857,0.8461538461538461,0.92,0.027777777777777776,55,5,175,15,0.9820634920634921,0.9456487148698736
S6,0.57,3.571409548322621,0.8571428571428571,0.7346938775510204,0.7912087912087913,0.87248322147651,0.06,0.9166666666666666,0.7857142857142857,0.8461538461538461,0.92,0.027777777777777776,55,5,175,15,0.9821428571428572,0.9462490966309695
S6,0.58,3.5838551452124072,0.8571428571428571,0.7346938775510204,0.7912087912087913,0.87248322147651,0.06,0.9166666666666666,0.7857142857142857,0.8461538461538461,0.92,0.027777777777777776,55,5,175,15,0.981904761904762,0.9453139587658376
S6,0.59,3.596300742102194,0.8571428571428571,0.7346938775510204,0.7912087912087913,0.87248322147651,0.06,0.9166666666666666,0.7857142857142857,0.8461538461538461,0.92,0.027777777777777776,55,5,175,15,0.981904761904762,0.9454017234263576
S6,0.6,3.6087463389919803,0.8571428571428571,0.7346938775510204,0.7912087912087913,0.87248322147651,0.06,0.9016393442622951,0.7857142857142857,0.8396946564885497,0.916,0.03333333333333333,55,6,174,15,0.981904761904762,0.9456126667385669
S6,0.61,3.6211919358817672,0.8571428571428571,0.7346938775510204,0.7912087912087913,0.87248322147651,0.06,0.8870967741935484,0.7857142857142857,0.8333333333333333,0.912,0.03888888888888889,55,7,173,15,0.981984126984127,0.9461599770127258
S6,0.62,3.6336375327715533,0.8571428571428571,0.7346938775510204,0.7912087912087913,0.87248322147651,0.06,0.8870967741935484,0.7857142857142857,0.8333333333333333,0.912,0.03888888888888889,55,7,173,15,0.9816666666666667,0.9452807033784116
S6,0.63,3.891484618391402,0.875,0.7142857142857143,0.7865168539325842,0.87248322147651,0.05,0.9122807017543859,0.7428571428571429,0.8188976377952757,0.908,0.027777777777777776,52,5,175,18,0.9815873015873016,0.9452676877785506
S6,0.64,3.9094788681779846,0.875,0.7142857142857143,0.7865168539325842,0.87248322147651,0.05,0.9122807017543859,0.7428571428571429,0.8188976377952757,0.908,0.027777777777777776,52,5,175,18,0.9814285714285714,0.9447623019160236
S6,0.65,3.9274731179645674,0.875,0.7142857142857143,0.7865168539325842,0.87248322147651,0.05,0.9122807017543859,0.7428571428571429,0.8188976377952757,0.908,0.027777777777777776,52,5,175,18,0.981031746031746,0.9433030303314005
S6,0.66,3.94546736775115,0.875,0.7142857142857143,0.7865168539325842,0.87248322147651,0.05,0.9122807017543859,0.7428571428571429,0.8188976377952757,0.908,0.027777777777777776,52,5,175,18,0.9811904761904762,0.9440783076992694
S6,0.67,3.9634616175377326,0.875,0.7142857142857143,0.7865168539325842,0.87248322147651,0.05,0.9122807017543859,0.7428571428571429,0.8188976377952757,0.908,0.027777777777777776,52,5,175,18,0.9811111111111112,0.9437152140837395
S6,0.68,3.9754519933279755,0.875,0.7142857142857143,0.7865168539325842,0.87248322147651,0.05,0.896551724137931,0.7428571428571429,0.8125,0.904,0.03333333333333333,52,6,174,18,0.980952380952381,0.943452471252823
S6,0.69,3.94334430746705,0.8536585365853658,0.7142857142857143,0.7777777777777778,0.8657718120805369,0.06,0.8983050847457628,0.7571428571428571,0.8217054263565892,0.908,0.03333333333333333,53,6,174,17,0.9808730158730159,0.9433521895719488
S6,0.7,3.9112366216061245,0.8536585365853658,0.7142857142857143,0.7777777777777778,0.8657718120805369,0.06,0.8852459016393442,0.7714285714285715,0.8244274809160306,0.908,0.03888888888888889,54,7,173,16,0.9807142857142858,0.9427048914600221
S6,0.71,3.0913500183640163,0.7755102040816326,0.7755102040816326,0.7755102040816326,0.8523489932885906,0.11,0.8805970149253731,0.8428571428571429,0.8613138686131387,0.924,0.044444444444444446,59,8,172,11,0.9805555555555556,0.9424347824547843
S6,0.72,3.120890179252572,0.7755102040816326,0.7755102040816326,0.7755102040816326,0.8523489932885906,0.11,0.8805970149253731,0.8428571428571429,0.8613138686131387,0.924,0.044444444444444446,59,8,172,11,0.9803968253968255,0.9420594406422653
S6,0.73,3.1224354397718947,0.7755102040816326,0.7755102040816326,0.7755102040816326,0.8523489932885906,0.11,0.8805970149253731,0.8428571428571429,0.8613138686131387,0.924,0.044444444444444446,59,8,172,11,0.9797619047619047,0.9396632802333625
S6,0.74,3.123980700291218,0.7755102040816326,0.7755102040816326,0.7755102040816326,0.8523489932885906,0.11,0.8787878787878788,0.8285714285714286,0.8529411764705883,0.92,0.044444444444444446,58,8,172,12,0.9794444444444445,0.9384339953979477
S6,0.75,3.1255259608105406,0.7755102040816326,0.7755102040816326,0.7755102040816326,0.8523489932885906,0.11,0.8787878787878788,0.8285714285714286,0.8529411764705883,0.92,0.044444444444444446,58,8,172,12,0.9792063492063492,0.9377823750107201
S6,0.76,3.1270712213298637,0.7755102040816326,0.7755102040816326,0.7755102040816326,0.8523489932885906,0.11,0.8787878787878788,0.8285714285714286,0.8529411764705883,0.92,0.044444444444444446,58,8,172,12,0.978968253968254,0.9373711475588964
S6,0.77,3.128616481849187,0.7755102040816326,0.7755102040816326,0.7755102040816326,0.8523489932885906,0.11,0.8787878787878788,0.8285714285714286,0.8529411764705883,0.92,0.044444444444444446,58,8,172,12,0.9788888888888889,0.9371929354289741
S6,0.78,3.1301617423685095,0.7755102040816326,0.7755102040816326,0.7755102040816326,0.8523489932885906,0.11,0.8787878787878788,0.8285714285714286,0.8529411764705883,0.92,0.044444444444444446,58,8,172,12,0.9786507936507937,0.9364881275782692
S6,0.79,3.3301459017497868,0.7872340425531915,0.7551020408163265,0.7708333333333333,0.8523489932885906,0.1,0.8923076923076924,0.8285714285714286,0.8592592592592593,0.924,0.03888888888888889,58,7,173,12,0.9783333333333333,0.9357696193223732
S6,0.8,3.236295994105401,0.7708333333333334,0.7551020408163265,0.7628865979381444,0.8456375838926175,0.11,0.8787878787878788,0.8285714285714286,0.8529411764705883,0.92,0.044444444444444446,58,8,172,12,0.978015873015873,0.9350057822952054
S6,0.81,3.1347975239264785,0.7450980392156863,0.7755102040816326,0.76,0.8389261744966443,0.13,0.8805970149253731,0.8428571428571429,0.8613138686131387,0.924,0.044444444444444446,59,8,172,11,0.9776190476190476,0.9338461905907142
S6,0.82,3.04859617881663,0.7450980392156863,0.7755102040816326,0.76,0.8389261744966443,0.13,0.8805970149253731,0.8428571428571429,0.8613138686131387,0.924,0.044444444444444446,59,8,172,11,0.9772222222222222,0.9320559953536204
S6,0.83,2.954746271172244,0.7450980392156863,0.7755102040816326,0.76,0.8389261744966443,0.13,0.8805970149253731,0.8428571428571429,0.8613138686131387,0.924,0.044444444444444446,59,8,172,11,0.9769047619047619,0.9315627433139304
S6,0.84,3.4617290195531627,0.782608695652174,0.7346938775510204,0.7578947368421053,0.8456375838926175,0.1,0.8888888888888888,0.8,0.8421052631578948,0.916,0.03888888888888889,56,7,173,14,0.9763492063492064,0.9304757613612782
S6,0.85,3.429621333692237,0.782608695652174,0.7346938775510204,0.7578947368421053,0.8456375838926175,0.1,0.8888888888888888,0.8,0.8421052631578948,0.916,0.03888888888888889,56,7,173,14,0.9757142857142856,0.928678942557977
S6,0.86,3.3975136478313113,0.7659574468085106,0.7346938775510204,0.7499999999999999,0.8389261744966443,0.11,0.8888888888888888,0.8,0.8421052631578948,0.916,0.03888888888888889,56,7,173,14,0.9753968253968254,0.9282517745912809
S6,0.87,3.144069087042416,0.74,0.7551020408163265,0.7474747474747474,0.8322147651006712,0.13,0.8787878787878788,0.8285714285714286,0.8529411764705883,0.92,0.044444444444444446,58,8,172,12,0.9750793650793651,0.9272873671695185
S6,0.88,3.145614347561739,0.74,0.7551020408163265,0.7474747474747474,0.8322147651006712,0.13,0.8787878787878788,0.8285714285714286,0.8529411764705883,0.92,0.044444444444444446,58,8,172,12,0.974920634920635,0.9270193988702377
S6,0.89,3.147159608081062,0.74,0.7551020408163265,0.7474747474747474,0.8322147651006712,0.13,0.8787878787878788,0.8285714285714286,0.8529411764705883,0.92,0.044444444444444446,58,8,172,12,0.9746031746031747,0.9261942408417326
S6,0.9,3.148704868600385,0.74,0.7551020408163265,0.7474747474747474,0.8322147651006712,0.13,0.8787878787878788,0.8285714285714286,0.8529411764705883,0.92,0.044444444444444446,58,8,172,12,0.9742857142857142,0.9255749388816835
S6,0.91,3.150250129119708,0.74,0.7551020408163265,0.7474747474747474,0.8322147651006712,0.13,0.8787878787878788,0.8285714285714286,0.8529411764705883,0.92,0.044444444444444446,58,8,172,12,0.9739682539682539,0.9245482146256446
S6,0.92,3.151795389639031,0.74,0.7551020408163265,0.7474747474747474,0.8322147651006712,0.13,0.8636363636363636,0.8142857142857143,0.8382352941176471,0.912,0.05,57,9,171,13,0.9731746031746031,0.9232389226393631
S6,0.93,3.116827099799147,0.74,0.7551020408163265,0.7474747474747474,0.8322147651006712,0.13,0.8636363636363636,0.8142857142857143,0.8382352941176471,0.912,0.05,57,9,171,13,0.9726984126984127,0.9221591687959345
S6,0.94,3.0691882739030807,0.74,0.7551020408163265,0.7474747474747474,0.8322147651006712,0.13,0.8529411764705882,0.8285714285714286,0.8405797101449276,0.912,0.05555555555555555,58,10,170,12,0.9723809523809525,0.9218650181308928
S6,0.95,3.0215494480070135,0.74,0.7551020408163265,0.7474747474747474,0.8322147651006712,0.13,0.8529411764705882,0.8285714285714286,0.8405797101449276,0.912,0.05555555555555555,58,10,170,12,0.9716666666666667,0.9188105470368967
S6,0.96,3.029521751905019,0.7346938775510204,0.7346938775510204,0.7346938775510203,0.825503355704698,0.13,0.8529411764705882,0.8285714285714286,0.8405797101449276,0.912,0.05555555555555555,58,10,170,12,0.9712698412698413,0.917497198972666
S6,0.97,2.926271796214879,0.7115384615384616,0.7551020408163265,0.7326732673267328,0.8187919463087249,0.15,0.855072463768116,0.8428571428571429,0.8489208633093526,0.916,0.05555555555555555,59,10,170,11,0.9707142857142858,0.9165631237881108
S6,0.98,2.8425241658569864,0.7115384615384616,0.7551020408163265,0.7326732673267328,0.8187919463087249,0.15,0.8428571428571429,0.8428571428571429,0.8428571428571429,0.912,0.06111111111111111,59,11,169,11,0.9703968253968254,0.9162925911887644
S6,0.99,2.7490253728329703,0.7115384615384616,0.7551020408163265,0.7326732673267328,0.8187919463087249,0.15,0.8450704225352113,0.8571428571428571,0.851063829787234,0.916,0.06111111111111111,60,11,169,10,0.97,0.9165690588655344
S6,1.0,2.783355318526678,0.7058823529411765,0.7346938775510204,0.7200000000000001,0.8120805369127517,0.15,0.8428571428571429,0.8428571428571429,0.8428571428571429,0.912,0.06111111111111111,59,11,169,11,0.9690476190476192,0.9150818859353809
S7,0.0,2.658983520297113,0.825,0.673469387755102,0.7415730337078652,0.8456375838926175,0.07,0.9591836734693877,0.6714285714285714,0.7899159663865546,0.9,0.011111111111111112,47,2,178,23,0.9515079365079364,0.9117651201420736
S7,0.01,2.8568349933960944,0.8648648648648649,0.6530612244897959,0.7441860465116279,0.8523489932885906,0.05,0.9555555555555556,0.6142857142857143,0.7478260869565218,0.884,0.011111111111111112,43,2,178,27,0.9546031746031747,0.9145220002557493
S7,0.02,2.901024255584375,0.8648648648648649,0.6530612244897959,0.7441860465116279,0.8523489932885906,0.05,0.9545454545454546,0.6,0.7368421052631579,0.88,0.011111111111111112,42,2,178,28,0.9576190476190477,0.917766735385364
S7,0.03,2.945213517772655,0.8648648648648649,0.6530612244897959,0.7441860465116279,0.8523489932885906,0.05,0.9545454545454546,0.6,0.7368421052631579,0.88,0.011111111111111112,42,2,178,28,0.9608730158730158,0.920731239138259
S7,0.04,2.962124635358277,0.8648648648648649,0.6530612244897959,0.7441860465116279,0.8523489932885906,0.05,0.9545454545454546,0.6,0.7368421052631579,0.88,0.011111111111111112,42,2,178,28,0.9637301587301587,0.9238331886204674
S7,0.05,2.974709369759094,0.8648648648648649,0.6530612244897959,0.7441860465116279,0.8523489932885906,0.05,0.9555555555555556,0.6142857142857143,0.7478260869565218,0.884,0.011111111111111112,43,2,178,27,0.9658730158730159,0.9258734508652972
S7,0.06,2.6892939575069033,0.8461538461538461,0.673469387755102,0.75,0.8523489932885906,0.06,0.9607843137254902,0.7,0.8099173553719008,0.908,0.011111111111111112,49,2,178,21,0.9678571428571429,0.9277888417090187
S7,0.07,2.694345697041868,0.8461538461538461,0.673469387755102,0.75,0.8523489932885906,0.06,0.9615384615384616,0.7142857142857143,0.819672131147541,0.912,0.011111111111111112,50,2,178,20,0.969920634920635,0.9300283703932078
S7,0.08,2.6993974365768336,0.8461538461538461,0.673469387755102,0.75,0.8523489932885906,0.06,0.9615384615384616,0.7142857142857143,0.819672131147541,0.912,0.011111111111111112,50,2,178,20,0.971984126984127,0.9324145486067532
S7,0.09,2.7044491761117984,0.8461538461538461,0.673469387755102,0.75,0.8523489932885906,0.06,0.9615384615384616,0.7142857142857143,0.819672131147541,0.912,0.011111111111111112,50,2,178,20,0.9733333333333334,0.9342645349286555
S7,0.1,2.7095009156467635,0.8461538461538461,0.673469387755102,0.75,0.8523489932885906,0.06,0.9444444444444444,0.7285714285714285,0.8225806451612904,0.912,0.016666666666666666,51,3,177,19,0.9742063492063492,0.935529749424725
S7,0.11,2.7145526551817283,0.8461538461538461,0.673469387755102,0.75,0.8523489932885906,0.06,0.9272727272727272,0.7285714285714285,0.8159999999999998,0.908,0.022222222222222223,51,4,176,19,0.9753968253968254,0.9372294551217831
S7,0.12,2.637754476717088,0.8292682926829268,0.6938775510204082,0.7555555555555555,0.8523489932885906,0.07,0.9298245614035088,0.7571428571428571,0.8346456692913385,0.916,0.022222222222222223,53,4,176,17,0.9762698412698413,0.9385678146938115
S7,0.13,2.67629364479762,0.8292682926829268,0.6938775510204082,0.7555555555555555,0.8523489932885906,0.07,0.9298245614035088,0.7571428571428571,0.8346456692913385,0.916,0.022222222222222223,53,4,176,17,0.9769841269841271,0.9396982639905694
S7,0.14,2.6493870183291426,0.8292682926829268,0.6938775510204082,0.7555555555555555,0.8523489932885906,0.07,0.9137931034482759,0.7571428571428571,0.8281250000000001,0.912,0.027777777777777776,53,5,175,17,0.9773809523809524,0.9398885761143696
S7,0.15,2.613240090392481,0.8095238095238095,0.6938775510204082,0.7472527472527472,0.8456375838926175,0.08,0.8983050847457628,0.7571428571428571,0.8217054263565892,0.908,0.03333333333333333,53,6,174,17,0.9776190476190476,0.9401724700069386
S7,0.16,2.57709316245582,0.8095238095238095,0.6938775510204082,0.7472527472527472,0.8456375838926175,0.08,0.9,0.7714285714285715,0.8307692307692307,0.912,0.03333333333333333,54,6,174,16,0.9783333333333334,0.940962171733492
S7,0.17,2.096746207354727,0.74,0.7551020408163265,0.7474747474747474,0.8322147651006712,0.13,0.859375,0.7857142857142857,0.8208955223880597,0.904,0.05,55,9,171,15,0.9788095238095238,0.9414479052713975
S7,0.18,2.174228638979692,0.74,0.7551020408163265,0.7474747474747474,0.8322147651006712,0.13,0.859375,0.7857142857142857,0.8208955223880597,0.904,0.05,55,9,171,15,0.9792063492063492,0.9421624950497952
S7,0.19,2.251711070604657,0.7551020408163265,0.7551020408163265,0.7551020408163265,0.8389261744966443,0.12,0.873015873015873,0.7857142857142857,0.8270676691729324,0.908,0.044444444444444446,55,8,172,15,0.98,0.9437983239250262
S7,0.2,2.3291935022296224,0.7708333333333334,0.7551020408163265,0.7628865979381444,0.8456375838926175,0.11,0.8870967741935484,0.7857142857142857,0.8333333333333333,0.912,0.03888888888888889,55,7,173,15,0.9803968253968254,0.9443135933265413
S7,0.21,2.396358522772514,0.7708333333333334,0.7551020408163265,0.7628865979381444,0.8456375838926175,0.11,0.8870967741935484,0.7857142857142857,0.8333333333333333,0.912,0.03888888888888889,55,7,173,15,0.9802380952380951,0.9436466968088555
S7,0.22,2.484158365479552,0.8,0.7346938775510204,0.7659574468085106,0.8523489932885906,0.09,0.9016393442622951,0.7857142857142857,0.8396946564885497,0.916,0.03333333333333333,55,6,174,15,0.9803174603174603,0.9437038321760054
S7,0.23,2.5616407971045168,0.8,0.7346938775510204,0.7659574468085106,0.8523489932885906,0.09,0.9016393442622951,0.7857142857142857,0.8396946564885497,0.916,0.03333333333333333,55,6,174,15,0.9803968253968254,0.9437972289008484
S7,0.24,2.6391232287294812,0.8181818181818182,0.7346938775510204,0.7741935483870968,0.8590604026845637,0.08,0.9016393442622951,0.7857142857142857,0.8396946564885497,0.916,0.03333333333333333,55,6,174,15,0.9805555555555555,0.9438549137614323
S7,0.25,2.7166056603544466,0.8181818181818182,0.7346938775510204,0.7741935483870968,0.8590604026845637,0.08,0.9016393442622951,0.7857142857142857,0.8396946564885497,0.916,0.03333333333333333,55,6,174,15,0.9807142857142856,0.9441040957826048
S7,0.26,2.7795561608322643,0.8181818181818182,0.7346938775510204,0.7741935483870968,0.8590604026845637,0.08,0.9016393442622951,0.7857142857142857,0.8396946564885497,0.916,0.03333333333333333,55,6,174,15,0.981031746031746,0.9447655557082487
S7,0.27,2.7454307121405925,0.8181818181818182,0.7346938775510204,0.7741935483870968,0.8590604026845637,0.08,0.9016393442622951,0.7857142857142857,0.8396946564885497,0.916,0.03333333333333333,55,6,174,15,0.981031746031746,0.9446873636181388
S7,0.28,2.7113052634489203,0.8181818181818182,0.7346938775510204,0.7741935483870968,0.8590604026845637,0.08,0.9016393442622951,0.7857142857142857,0.8396946564885497,0.916,0.03333333333333333,55,6,174,15,0.981031746031746,0.9445405190510043
S7,0.29,2.6771798147572485,0.8181818181818182,0.7346938775510204,0.7741935483870968,0.8590604026845637,0.08,0.9047619047619048,0.8142857142857143,0.857142857142857,0.924,0.03333333333333333,57,6,174,13,0.9812698412698413,0.9448503127174402
S7,0.3,2.3311410745246723,0.7755102040816326,0.7755102040816326,0.7755102040816326,0.8523489932885906,0.11,0.8636363636363636,0.8142857142857143,0.8382352941176471,0.912,0.05,57,9,171,13,0.9812698412698413,0.9445419886689217
S7,0.31,2.4157119828575393,0.8085106382978723,0.7755102040816326,0.7916666666666665,0.8657718120805369,0.09,0.890625,0.8142857142857143,0.8507462686567163,0.92,0.03888888888888889,57,7,173,13,0.9812698412698413,0.9439343831162468
S7,0.32,2.5002828911904063,0.8085106382978723,0.7755102040816326,0.7916666666666665,0.8657718120805369,0.09,0.9047619047619048,0.8142857142857143,0.857142857142857,0.924,0.03333333333333333,57,6,174,13,0.9812698412698413,0.9438566099668073
S7,0.33,2.540678019990562,0.8085106382978723,0.7755102040816326,0.7916666666666665,0.8657718120805369,0.09,0.90625,0.8285714285714286,0.8656716417910447,0.928,0.03333333333333333,58,6,174,12,0.9814285714285714,0.9441884679656775
S7,0.34,2.4150240058451544,0.7959183673469388,0.7959183673469388,0.7959183673469388,0.8657718120805369,0.1,0.8939393939393939,0.8428571428571429,0.8676470588235294,0.928,0.03888888888888889,59,7,173,11,0.9812698412698413,0.9436180336840632
S7,0.35,2.4641474573623876,0.7959183673469388,0.7959183673469388,0.7959183673469388,0.8657718120805369,0.1,0.8939393939393939,0.8428571428571429,0.8676470588235294,0.928,0.03888888888888889,59,7,173,11,0.9811111111111112,0.942827778834465
S7,0.36,2.4383016739155474,0.7959183673469388,0.7959183673469388,0.7959183673469388,0.8657718120805369,0.1,0.8939393939393939,0.8428571428571429,0.8676470588235294,0.928,0.03888888888888889,59,7,173,11,0.9814285714285714,0.943498289020923
S7,0.37,2.4897134020252953,0.7916666666666666,0.7755102040816326,0.7835051546391752,0.8590604026845637,0.1,0.8939393939393939,0.8428571428571429,0.8676470588235294,0.928,0.03888888888888889,59,7,173,11,0.9815873015873016,0.9438721504408967
S7,0.38,2.451100875177481,0.7916666666666666,0.7755102040816326,0.7835051546391752,0.8590604026845637,0.1,0.8970588235294118,0.8714285714285714,0.8840579710144928,0.936,0.03888888888888889,61,7,173,9,0.9815873015873016,0.9439744370826277
S7,0.39,2.412488348329666,0.7647058823529411,0.7959183673469388,0.7799999999999999,0.8523489932885906,0.12,0.8732394366197183,0.8857142857142857,0.8794326241134751,0.932,0.05,62,9,171,8,0.9817460317460318,0.9442646263523907
S7,0.4,2.249147971334802,0.7321428571428571,0.8367346938775511,0.7809523809523811,0.8456375838926175,0.15,0.8611111111111112,0.8857142857142857,0.8732394366197184,0.928,0.05555555555555555,62,10,170,8,0.981984126984127,0.9450424515988097
S7,0.41,2.267674430457189,0.7321428571428571,0.8367346938775511,0.7809523809523811,0.8456375838926175,0.15,0.8611111111111112,0.8857142857142857,0.8732394366197184,0.928,0.05555555555555555,62,10,170,8,0.981904761904762,0.9448142024043952
S7,0.42,2.2335489817655176,0.7321428571428571,0.8367346938775511,0.7809523809523811,0.8456375838926175,0.15,0.863013698630137,0.9,0.881118881118881,0.932,0.05555555555555555,63,10,170,7,0.981904761904762,0.944482210452685
S7,0.43,2.199423533073846,0.7192982456140351,0.8367346938775511,0.7735849056603773,0.8389261744966443,0.16,0.863013698630137,0.9,0.881118881118881,0.932,0.05555555555555555,63,10,170,7,0.981904761904762,0.9444527565658671
S7,0.44,2.165298084382174,0.7192982456140351,0.8367346938775511,0.7735849056603773,0.8389261744966443,0.16,0.8648648648648649,0.9142857142857143,0.888888888888889,0.936,0.05555555555555555,64,10,170,6,0.981984126984127,0.9446239894425794
S7,0.45,2.7990343932726023,0.8181818181818182,0.7346938775510204,0.7741935483870968,0.8590604026845637,0.08,0.9104477611940298,0.8714285714285714,0.8905109489051095,0.94,0.03333333333333333,61,6,174,9,0.9820634920634921,0.9447384148543769
S7,0.46,2.8630186512621516,0.8181818181818182,0.7346938775510204,0.7741935483870968,0.8590604026845637,0.08,0.9076923076923077,0.8428571428571429,0.8740740740740741,0.932,0.03333333333333333,59,6,174,11,0.9821428571428572,0.9452841306547426
S7,0.47,2.818775278899512,0.8222222222222222,0.7551020408163265,0.7872340425531914,0.8657718120805369,0.08,0.8955223880597015,0.8571428571428571,0.8759124087591241,0.932,0.03888888888888889,60,7,173,10,0.9821428571428572,0.9453636727322939
S7,0.48,2.9001506085516136,0.8222222222222222,0.7551020408163265,0.7872340425531914,0.8657718120805369,0.08,0.8923076923076924,0.8285714285714286,0.8592592592592593,0.924,0.03888888888888889,58,7,173,12,0.9820634920634921,0.9452257297928803
S7,0.49,2.9065187575103986,0.8222222222222222,0.7551020408163265,0.7872340425531914,0.8657718120805369,0.08,0.890625,0.8142857142857143,0.8507462686567163,0.92,0.03888888888888889,57,7,173,13,0.9818253968253968,0.9444755302785653
S7,0.5,2.9115704970453637,0.8043478260869565,0.7551020408163265,0.7789473684210526,0.8590604026845637,0.09,0.890625,0.8142857142857143,0.8507462686567163,0.92,0.03888888888888889,57,7,173,13,0.981984126984127,0.9448285669103743
S7,0.51,2.916622236580329,0.8043478260869565,0.7551020408163265,0.7789473684210526,0.8590604026845637,0.09,0.890625,0.8142857142857143,0.8507462686567163,0.92,0.03888888888888889,57,7,173,13,0.981984126984127,0.9448960186402302
S7,0.52,2.9216739761152937,0.8043478260869565,0.7551020408163265,0.7789473684210526,0.8590604026845637,0.09,0.8923076923076924,0.8285714285714286,0.8592592592592593,0.924,0.03888888888888889,58,7,173,12,0.9821428571428572,0.9457026618741489
S7,0.53,2.926725715650259,0.8043478260869565,0.7551020408163265,0.7789473684210526,0.8590604026845637,0.09,0.8923076923076924,0.8285714285714286,0.8592592592592593,0.924,0.03888888888888889,58,7,173,12,0.9820634920634921,0.9455862106075205
S7,0.54,3.3748927151785457,0.8571428571428571,0.7346938775510204,0.7912087912087913,0.87248322147651,0.06,0.9,0.7714285714285715,0.8307692307692307,0.912,0.03333333333333333,54,6,174,16,0.9818253968253968,0.9448880325975524
S7,0.55,3.4388769731680955,0.8571428571428571,0.7346938775510204,0.7912087912087913,0.87248322147651,0.06,0.9,0.7714285714285715,0.8307692307692307,0.912,0.03333333333333333,54,6,174,16,0.9818253968253968,0.9448736209594601
S7,0.56,3.495739939224288,0.8571428571428571,0.7346938775510204,0.7912087912087913,0.87248322147651,0.06,0.9,0.7714285714285715,0.8307692307692307,0.912,0.03333333333333333,54,6,174,16,0.9816666666666667,0.9448004523782526
S7,0.57,3.544863390741521,0.8571428571428571,0.7346938775510204,0.7912087912087913,0.87248322147651,0.06,0.9,0.7714285714285715,0.8307692307692307,0.912,0.03333333333333333,54,6,174,16,0.9816666666666667,0.9448004523782526
S7,0.58,3.5939868422587544,0.8571428571428571,0.7346938775510204,0.7912087912087913,0.87248322147651,0.06,0.9,0.7714285714285715,0.8307692307692307,0.912,0.03333333333333333,54,6,174,16,0.9816666666666667,0.9448004523782526
S7,0.59,3.6431102937759876,0.8571428571428571,0.7346938775510204,0.7912087912087913,0.87248322147651,0.06,0.8983050847457628,0.7571428571428571,0.8217054263565892,0.908,0.03333333333333333,53,6,174,17,0.9815873015873017,0.9444129128172625
S7,0.6,3.6569132777358164,0.8571428571428571,0.7346938775510204,0.7912087912087913,0.87248322147651,0.06,0.8983050847457628,0.7571428571428571,0.8217054263565892,0.908,0.03333333333333333,53,6,174,17,0.9814285714285715,0.9438924752137043
S7,0.61,3.668154701157007,0.8372093023255814,0.7346938775510204,0.782608695652174,0.8657718120805369,0.07,0.8983050847457628,0.7571428571428571,0.8217054263565892,0.908,0.03333333333333333,53,6,174,17,0.9812698412698412,0.94335626072791
S7,0.62,3.679396124578197,0.8372093023255814,0.7346938775510204,0.782608695652174,0.8657718120805369,0.07,0.8833333333333333,0.7571428571428571,0.8153846153846154,0.904,0.03888888888888889,53,7,173,17,0.9809523809523809,0.9424295794096079
S7,0.63,3.690637547999388,0.8372093023255814,0.7346938775510204,0.782608695652174,0.8657718120805369,0.07,0.8833333333333333,0.7571428571428571,0.8153846153846154,0.904,0.03888888888888889,53,7,173,17,0.9808730158730159,0.94226032992529
S7,0.64,3.7018789714205784,0.8372093023255814,0.7346938775510204,0.782608695652174,0.8657718120805369,0.07,0.8852459016393442,0.7714285714285715,0.8244274809160306,0.908,0.03888888888888889,54,7,173,16,0.9809523809523809,0.9432145939373446
S7,0.65,3.713120394841769,0.8372093023255814,0.7346938775510204,0.782608695652174,0.8657718120805369,0.07,0.8852459016393442,0.7714285714285715,0.8244274809160306,0.908,0.03888888888888889,54,7,173,16,0.9807936507936508,0.9426088649688696
S7,0.66,3.724361818262959,0.8372093023255814,0.7346938775510204,0.782608695652174,0.8657718120805369,0.07,0.8852459016393442,0.7714285714285715,0.8244274809160306,0.908,0.03888888888888889,54,7,173,16,0.9807142857142856,0.9426713822167347
S7,0.67,3.73560324168415,0.8372093023255814,0.7346938775510204,0.782608695652174,0.8657718120805369,0.07,0.8870967741935484,0.7857142857142857,0.8333333333333333,0.912,0.03888888888888889,55,7,173,15,0.9807936507936508,0.9426991435503225
S7,0.68,3.7468446651053404,0.8372093023255814,0.7346938775510204,0.782608695652174,0.8657718120805369,0.07,0.8870967741935484,0.7857142857142857,0.8333333333333333,0.912,0.03888888888888889,55,7,173,15,0.9803968253968254,0.941441524233019
S7,0.69,3.7580860885265306,0.8372093023255814,0.7346938775510204,0.782608695652174,0.8657718120805369,0.07,0.8870967741935484,0.7857142857142857,0.8333333333333333,0.912,0.03888888888888889,55,7,173,15,0.9799206349206349,0.9403504783088426
S7,0.7,2.9919126181113027,0.7916666666666666,0.7755102040816326,0.7835051546391752,0.8590604026845637,0.1,0.8805970149253731,0.8428571428571429,0.8613138686131387,0.924,0.044444444444444446,59,8,172,11,0.9795238095238095,0.9395928859839404
S7,0.71,3.017657027279629,0.7916666666666666,0.7755102040816326,0.7835051546391752,0.8590604026845637,0.1,0.8805970149253731,0.8428571428571429,0.8613138686131387,0.924,0.044444444444444446,59,8,172,11,0.9792857142857143,0.9386709640075032
S7,0.72,3.022708766814594,0.7916666666666666,0.7755102040816326,0.7835051546391752,0.8590604026845637,0.1,0.8823529411764706,0.8571428571428571,0.8695652173913043,0.928,0.044444444444444446,60,8,172,10,0.9795238095238095,0.9394247914350596
S7,0.73,3.027760506349559,0.7755102040816326,0.7755102040816326,0.7755102040816326,0.8523489932885906,0.11,0.8823529411764706,0.8571428571428571,0.8695652173913043,0.928,0.044444444444444446,60,8,172,10,0.9794444444444445,0.9393864321892311
S7,0.74,3.032812245884524,0.7755102040816326,0.7755102040816326,0.7755102040816326,0.8523489932885906,0.11,0.8823529411764706,0.8571428571428571,0.8695652173913043,0.928,0.044444444444444446,60,8,172,10,0.9791269841269841,0.9381432664086911
S7,0.75,3.037863985419489,0.7755102040816326,0.7755102040816326,0.7755102040816326,0.8523489932885906,0.11,0.8823529411764706,0.8571428571428571,0.8695652173913043,0.928,0.044444444444444446,60,8,172,10,0.9791269841269841,0.937823005102816
S7,0.76,3.042915724954454,0.7755102040816326,0.7755102040816326,0.7755102040816326,0.8523489932885906,0.11,0.8823529411764706,0.8571428571428571,0.8695652173913043,0.928,0.044444444444444446,60,8,172,10,0.9785714285714286,0.9363075043135461
S7,0.77,3.0479674644894192,0.7755102040816326,0.7755102040816326,0.7755102040816326,0.8523489932885906,0.11,0.8823529411764706,0.8571428571428571,0.8695652173913043,0.928,0.044444444444444446,60,8,172,10,0.9784920634920635,0.9357054969052467
S7,0.78,3.362625014272955,0.7872340425531915,0.7551020408163265,0.7708333333333333,0.8523489932885906,0.1,0.890625,0.8142857142857143,0.8507462686567163,0.92,0.03888888888888889,57,7,173,13,0.978015873015873,0.9347739186954631
S7,0.79,3.271564688224988,0.7872340425531915,0.7551020408163265,0.7708333333333333,0.8523489932885906,0.1,0.890625,0.8142857142857143,0.8507462686567163,0.92,0.03888888888888889,57,7,173,13,0.9773015873015872,0.9327232108390673
S7,0.8,3.180504362177021,0.7872340425531915,0.7551020408163265,0.7708333333333333,0.8523489932885906,0.1,0.8769230769230769,0.8142857142857143,0.8444444444444444,0.916,0.044444444444444446,57,8,172,13,0.976984126984127,0.9320791402882024
S7,0.81,3.0681744226292795,0.7450980392156863,0.7755102040816326,0.76,0.8389261744966443,0.13,0.8805970149253731,0.8428571428571429,0.8613138686131387,0.924,0.044444444444444446,59,8,172,11,0.9766666666666667,0.9308027923011166
S7,0.82,2.998383710081088,0.7450980392156863,0.7755102040816326,0.76,0.8389261744966443,0.13,0.8823529411764706,0.8571428571428571,0.8695652173913043,0.928,0.044444444444444446,60,8,172,10,0.9763492063492064,0.9304594088220686
S7,0.83,3.377601672494188,0.782608695652174,0.7346938775510204,0.7578947368421053,0.8456375838926175,0.1,0.890625,0.8142857142857143,0.8507462686567163,0.92,0.03888888888888889,57,7,173,13,0.9761111111111112,0.9298734961633963
S7,0.84,3.342646004613746,0.782608695652174,0.7346938775510204,0.7578947368421053,0.8456375838926175,0.1,0.890625,0.8142857142857143,0.8507462686567163,0.92,0.03888888888888889,57,7,173,13,0.9757142857142858,0.9285683428858141
S7,0.85,3.0883813807691394,0.74,0.7551020408163265,0.7474747474747474,0.8322147651006712,0.13,0.8823529411764706,0.8571428571428571,0.8695652173913043,0.928,0.044444444444444446,60,8,172,10,0.9753968253968254,0.9278507468220499
S7,0.86,3.093433120304104,0.74,0.7551020408163265,0.7474747474747474,0.8322147651006712,0.13,0.8823529411764706,0.8571428571428571,0.8695652173913043,0.928,0.044444444444444446,60,8,172,10,0.9751587301587301,0.9272566454914941
S7,0.87,3.0984848598390693,0.74,0.7551020408163265,0.7474747474747474,0.8322147651006712,0.13,0.8823529411764706,0.8571428571428571,0.8695652173913043,0.928,0.044444444444444446,60,8,172,10,0.974920634920635,0.9270524870805923
S7,0.88,3.1035365993740345,0.74,0.7551020408163265,0.7474747474747474,0.8322147651006712,0.13,0.8823529411764706,0.8571428571428571,0.8695652173913043,0.928,0.044444444444444446,60,8,172,10,0.9747619047619047,0.9267673406529189
S7,0.89,3.108588338908999,0.74,0.7551020408163265,0.7474747474747474,0.8322147651006712,0.13,0.8823529411764706,0.8571428571428571,0.8695652173913043,0.928,0.044444444444444446,60,8,172,10,0.9744444444444444,0.9257253943600232
S7,0.9,3.1136400784439644,0.74,0.7551020408163265,0.7474747474747474,0.8322147651006712,0.13,0.8695652173913043,0.8571428571428571,0.8633093525179856,0.924,0.05,60,9,171,10,0.9738888888888888,0.9244681681357105
S7,0.91,3.0979563294506542,0.74,0.7551020408163265,0.7474747474747474,0.8322147651006712,0.13,0.8695652173913043,0.8571428571428571,0.8633093525179856,0.924,0.05,60,9,171,10,0.9733333333333334,0.9230334870162038
S7,0.92,3.063000661570212,0.74,0.7551020408163265,0.7474747474747474,0.8322147651006712,0.13,0.855072463768116,0.8428571428571429,0.8489208633093526,0.916,0.05555555555555555,59,10,170,11,0.9728571428571429,0.9222155223512044
S7,0.93,3.02804499368977,0.74,0.7551020408163265,0.7474747474747474,0.8322147651006712,0.13,0.855072463768116,0.8428571428571429,0.8489208633093526,0.916,0.05555555555555555,59,10,170,11,0.9726190476190476,0.9219935554041757
S7,0.94,2.993089325809329,0.74,0.7551020408163265,0.7474747474747474,0.8322147651006712,0.13,0.855072463768116,0.8428571428571429,0.8489208633093526,0.916,0.05555555555555555,59,10,170,11,0.9723809523809525,0.9213681358423382
S7,0.95,2.958133657928887,0.7254901960784313,0.7551020408163265,0.74,0.825503355704698,0.14,0.855072463768116,0.8428571428571429,0.8489208633093526,0.916,0.05555555555555555,59,10,170,11,0.9715873015873016,0.9188961723612351
S7,0.96,2.9979570335958865,0.7346938775510204,0.7346938775510204,0.7346938775510203,0.825503355704698,0.13,0.855072463768116,0.8428571428571429,0.8489208633093526,0.916,0.05555555555555555,59,10,170,11,0.9711111111111111,0.9173288488043159
S7,0.97,2.8882223221680032,0.7115384615384616,0.7551020408163265,0.7326732673267328,0.8187919463087249,0.15,0.855072463768116,0.8428571428571429,0.8489208633093526,0.916,0.05555555555555555,59,10,170,11,0.9706349206349206,0.9165059687762678
S7,0.98,2.82674180670242,0.7115384615384616,0.7551020408163265,0.7326732673267328,0.8187919463087249,0.15,0.8428571428571429,0.8428571428571429,0.8428571428571429,0.912,0.06111111111111111,59,11,169,11,0.9704761904761905,0.9167919974188538
S7,0.99,2.741134193255687,0.7115384615384616,0.7551020408163265,0.7326732673267328,0.8187919463087249,0.15,0.8450704225352113,0.8571428571428571,0.851063829787234,0.916,0.06111111111111111,60,11,169,10,0.9696825396825397,0.9158735719715286
S7,1.0,2.783355318526678,0.7058823529411765,0.7346938775510204,0.7200000000000001,0.8120805369127517,0.15,0.8428571428571429,0.8428571428571429,0.8428571428571429,0.912,0.06111111111111111,59,11,169,11,0.9690476190476192,0.9150818859353809
S8,0.0,1.1873272680874607,0.6851851851851852,0.7551020408163265,0.7184466019417475,0.8053691275167785,0.17,0.8484848484848485,0.8,0.823529411764706,0.904,0.05555555555555555,56,10,170,14,0.9361904761904762,0.8881426079716889
S8,0.01,1.1901822529231536,0.6851851851851852,0.7551020408163265,0.7184466019417475,0.8053691275167785,0.17,0.835820895522388,0.8,0.8175182481751825,0.9,0.06111111111111111,56,11,169,14,0.9394444444444444,0.8910045000995355
S8,0.02,1.1930372377588463,0.6727272727272727,0.7551020408163265,0.7115384615384616,0.7986577181208053,0.18,0.835820895522388,0.8,0.8175182481751825,0.9,0.06111111111111111,56,11,169,14,0.9426190476190477,0.8939582791918151
S8,0.03,1.195892222594539,0.6727272727272727,0.7551020408163265,0.7115384615384616,0.7986577181208053,0.18,0.8484848484848485,0.8,0.823529411764706,0.904,0.05555555555555555,56,10,170,14,0.9455555555555555,0.896866835191694
S8,0.04,1.1987472074302317,0.6727272727272727,0.7551020408163265,0.7115384615384616,0.7986577181208053,0.18,0.8484848484848485,0.8,0.823529411764706,0.904,0.05555555555555555,56,10,170,14,0.9481746031746032,0.8998644659311156
S8,0.05,1.2016021922659246,0.6727272727272727,0.7551020408163265,0.7115384615384616,0.7986577181208053,0.18,0.835820895522388,0.8,0.8175182481751825,0.9,0.06111111111111111,56,11,169,14,0.950952380952381,0.9014054369063003
S8,0.06,1.2044571771016175,0.6727272727272727,0.7551020408163265,0.7115384615384616,0.7986577181208053,0.18,0.8405797101449275,0.8285714285714286,0.8345323741007195,0.908,0.06111111111111111,58,11,169,12,0.9531746031746031,0.902910931555694
S8,0.07,1.20731216193731,0.6727272727272727,0.7551020408163265,0.7115384615384616,0.7986577181208053,0.18,0.8405797101449275,0.8285714285714286,0.8345323741007195,0.908,0.06111111111111111,58,11,169,12,0.9555555555555556,0.9045030032133241
S8,0.08,1.1858900365235516,0.6785714285714286,0.7755102040816326,0.7238095238095238,0.8053691275167785,0.18,0.8428571428571429,0.8428571428571429,0.8428571428571429,0.912,0.06111111111111111,59,11,169,11,0.9576190476190476,0.9058123881328336
S8,0.09,1.213022131608696,0.6666666666666666,0.7755102040816326,0.7169811320754716,0.7986577181208053,0.19,0.8428571428571429,0.8428571428571429,0.8428571428571429,0.912,0.06111111111111111,59,11,169,11,0.959920634920635,0.9089111726974095
S8,0.1,1.2158771164443885,0.6666666666666666,0.7755102040816326,0.7169811320754716,0.7986577181208053,0.19,0.8428571428571429,0.8428571428571429,0.8428571428571429,0.912,0.06111111111111111,59,11,169,11,0.961984126984127,0.9114502841780344
S8,0.11,1.2187321012800814,0.6551724137931034,0.7755102040816326,0.7102803738317757,0.7919463087248322,0.2,0.8450704225352113,0.8571428571428571,0.851063829787234,0.916,0.06111111111111111,60,11,169,10,0.9638888888888889,0.9134216364066636
S8,0.12,1.1133318853681664,0.6451612903225806,0.8163265306122449,0.7207207207207208,0.7919463087248322,0.22,0.8133333333333334,0.8714285714285714,0.8413793103448276,0.908,0.07777777777777778,61,14,166,9,0.9652380952380952,0.9148276437119551
S8,0.13,1.2059272051661958,0.6451612903225806,0.8163265306122449,0.7207207207207208,0.7919463087248322,0.22,0.8243243243243243,0.8714285714285714,0.8472222222222222,0.912,0.07222222222222222,61,13,167,9,0.966984126984127,0.9163947049368673
S8,0.14,1.2272970557871599,0.6451612903225806,0.8163265306122449,0.7207207207207208,0.7919463087248322,0.22,0.8356164383561644,0.8714285714285714,0.8531468531468531,0.916,0.06666666666666667,61,12,168,9,0.9686507936507938,0.9184397729096587
S8,0.15,1.3911178447622543,0.6785714285714286,0.7755102040816326,0.7238095238095238,0.8053691275167785,0.18,0.8450704225352113,0.8571428571428571,0.851063829787234,0.916,0.06111111111111111,60,11,169,10,0.9692063492063492,0.9183620204796127
S8,0.16,1.480256094921192,0.7169811320754716,0.7755102040816326,0.7450980392156863,0.825503355704698,0.15,0.8571428571428571,0.8571428571428571,0.8571428571428571,0.92,0.05555555555555555,60,10,170,10,0.9704761904761905,0.9197378985461049
S8,0.17,1.5346131058442825,0.7169811320754716,0.7755102040816326,0.7450980392156863,0.825503355704698,0.15,0.8805970149253731,0.8428571428571429,0.8613138686131387,0.924,0.044444444444444446,59,8,172,11,0.9717460317460318,0.9217924306628394
S8,0.18,1.554246170518371,0.7169811320754716,0.7755102040816326,0.7450980392156863,0.825503355704698,0.15,0.8805970149253731,0.8428571428571429,0.8613138686131387,0.924,0.044444444444444446,59,8,172,11,0.973015873015873,0.924271191081082
S8,0.19,1.5738792351924593,0.7169811320754716,0.7755102040816326,0.7450980392156863,0.825503355704698,0.15,0.8787878787878788,0.8285714285714286,0.8529411764705883,0.92,0.044444444444444446,58,8,172,12,0.9738888888888888,0.9257471976527448
S8,0.2,1.593003908065216,0.7037037037037037,0.7755102040816326,0.7378640776699029,0.8187919463087249,0.16,0.8805970149253731,0.8428571428571429,0.8613138686131387,0.924,0.044444444444444446,59,8,172,11,0.9749206349206349,0.9288758694095872
S8,0.21,1.2472819496370091,0.6612903225806451,0.8367346938775511,0.7387387387387386,0.8053691275167785,0.21,0.8205128205128205,0.9142857142857143,0.8648648648648648,0.92,0.07777777777777778,64,14,166,6,0.9753174603174604,0.9295395903225319
S8,0.22,1.16118650369491,0.6515151515151515,0.8775510204081632,0.7478260869565216,0.8053691275167785,0.23,0.8148148148148148,0.9428571428571428,0.8741721854304636,0.924,0.08333333333333333,66,15,165,4,0.9758730158730159,0.9303864266680077
S8,0.23,1.1523259546508222,0.6515151515151515,0.8775510204081632,0.7478260869565216,0.8053691275167785,0.23,0.8148148148148148,0.9428571428571428,0.8741721854304636,0.924,0.08333333333333333,66,15,165,4,0.9763492063492063,0.9310339309171785
S8,0.24,1.126014752898845,0.6470588235294118,0.8979591836734694,0.7521367521367522,0.8053691275167785,0.24,0.8148148148148148,0.9428571428571428,0.8741721854304636,0.924,0.08333333333333333,66,15,165,4,0.9773015873015873,0.9332254516348527
S8,0.25,1.4999625968955013,0.6833333333333333,0.8367346938775511,0.7522935779816514,0.8187919463087249,0.19,0.8533333333333334,0.9142857142857143,0.8827586206896552,0.932,0.06111111111111111,64,11,169,6,0.9775396825396826,0.9338982255956119
S8,0.26,1.261556873815473,0.6615384615384615,0.8775510204081632,0.7543859649122807,0.8120805369127517,0.22,0.825,0.9428571428571428,0.88,0.928,0.07777777777777778,66,14,166,4,0.9775396825396826,0.9336152497174176
S8,0.27,1.3630800028026102,0.6774193548387096,0.8571428571428571,0.7567567567567567,0.8187919463087249,0.2,0.8333333333333334,0.9285714285714286,0.8783783783783784,0.928,0.07222222222222222,65,13,167,5,0.9784126984126985,0.9353542902044321
S8,0.28,1.4421017527705318,0.6885245901639344,0.8571428571428571,0.7636363636363637,0.825503355704698,0.19,0.8441558441558441,0.9285714285714286,0.8843537414965986,0.932,0.06666666666666667,65,12,168,5,0.9787301587301588,0.9357105656189453
S8,0.29,1.4531515122776673,0.6885245901639344,0.8571428571428571,0.7636363636363637,0.825503355704698,0.19,0.8441558441558441,0.9285714285714286,0.8843537414965986,0.932,0.06666666666666667,65,12,168,5,0.9787301587301587,0.9354016399662165
S8,0.3,1.4262162968339858,0.6774193548387096,0.8571428571428571,0.7567567567567567,0.8187919463087249,0.2,0.8441558441558441,0.9285714285714286,0.8843537414965986,0.932,0.06666666666666667,65,12,168,5,0.9788888888888888,0.9354213185503448
S8,0.31,1.0814415622981213,0.6428571428571429,0.9183673469387755,0.7563025210084034,0.8053691275167785,0.25,0.8214285714285714,0.9857142857142858,0.8961038961038961,0.936,0.08333333333333333,69,15,165,1,0.9794444444444445,0.9368671400821336
S8,0.32,1.0725810132540337,0.6428571428571429,0.9183673469387755,0.7563025210084034,0.8053691275167785,0.25,0.8214285714285714,0.9857142857142858,0.8961038961038961,0.936,0.08333333333333333,69,15,165,1,0.9796031746031746,0.9367721234586738
S8,0.33,1.063720464209946,0.6428571428571429,0.9183673469387755,0.7563025210084034,0.8053691275167785,0.25,0.8214285714285714,0.9857142857142858,0.8961038961038961,0.936,0.08333333333333333,69,15,165,1,0.9794444444444445,0.9361130149469958
S8,0.34,1.2843967525010154,0.6567164179104478,0.8979591836734694,0.7586206896551725,0.8120805369127517,0.23,0.8292682926829268,0.9714285714285714,0.8947368421052632,0.936,0.07777777777777778,68,14,166,2,0.9794444444444443,0.9354060333011958
S8,0.35,1.287251737336708,0.6567164179104478,0.8979591836734694,0.7586206896551725,0.8120805369127517,0.23,0.8292682926829268,0.9714285714285714,0.8947368421052632,0.936,0.07777777777777778,68,14,166,2,0.9794444444444445,0.9354401275669448
S8,0.36,1.2646050041718961,0.6470588235294118,0.8979591836734694,0.7521367521367522,0.8053691275167785,0.24,0.8292682926829268,0.9714285714285714,0.8947368421052632,0.936,0.07777777777777778,68,14,166,2,0.9796031746031747,0.9360474547121846
S8,0.37,1.2376697887282146,0.6470588235294118,0.8979591836734694,0.7521367521367522,0.8053691275167785,0.24,0.8333333333333334,1.0,0.9090909090909091,0.944,0.07777777777777778,70,14,166,0,0.9795238095238096,0.9360514922460719
S8,0.38,1.2958166918437866,0.6515151515151515,0.8775510204081632,0.7478260869565216,0.8053691275167785,0.23,0.8313253012048193,0.9857142857142858,0.9019607843137254,0.94,0.07777777777777778,69,14,166,1,0.9796825396825397,0.9366327657560496
S8,0.39,1.2986716766794792,0.6515151515151515,0.8775510204081632,0.7478260869565216,0.8053691275167785,0.23,0.8333333333333334,1.0,0.9090909090909091,0.944,0.07777777777777778,70,14,166,0,0.9797619047619048,0.936029286022267
S8,0.4,2.3903627523855917,0.7777777777777778,0.7142857142857143,0.7446808510638298,0.8389261744966443,0.1,0.8888888888888888,0.8,0.8421052631578948,0.916,0.03888888888888889,56,7,173,14,0.9801587301587302,0.9373015466412855
S8,0.41,2.4693845023535124,0.7954545454545454,0.7142857142857143,0.7526881720430106,0.8456375838926175,0.09,0.8888888888888888,0.8,0.8421052631578948,0.916,0.03888888888888889,56,7,173,14,0.9800793650793651,0.9371922409067277
S8,0.42,2.442263350955233,0.782608695652174,0.7346938775510204,0.7578947368421053,0.8456375838926175,0.1,0.8888888888888888,0.8,0.8421052631578948,0.916,0.03888888888888889,56,7,173,14,0.98,0.9368979323102803
S8,0.43,2.497692807076394,0.782608695652174,0.7346938775510204,0.7578947368421053,0.8456375838926175,0.1,0.8888888888888888,0.8,0.8421052631578948,0.916,0.03888888888888889,56,7,173,14,0.9798412698412698,0.9358751511047748
S8,0.44,2.706449752257278,0.813953488372093,0.7142857142857143,0.7608695652173914,0.8523489932885906,0.08,0.8870967741935484,0.7857142857142857,0.8333333333333333,0.912,0.03888888888888889,55,7,173,15,0.9796825396825397,0.9353831337330788
S8,0.45,2.608551719318715,0.8,0.7346938775510204,0.7659574468085106,0.8523489932885906,0.09,0.8888888888888888,0.8,0.8421052631578948,0.916,0.03888888888888889,56,7,173,14,0.9795238095238096,0.9353258124081463
S8,0.46,2.663981175439876,0.8,0.7346938775510204,0.7659574468085106,0.8523489932885906,0.09,0.8888888888888888,0.8,0.8421052631578948,0.916,0.03888888888888889,56,7,173,14,0.9797619047619047,0.9362048932788469
S8,0.47,2.7194106315610367,0.8181818181818182,0.7346938775510204,0.7741935483870968,0.8590604026845637,0.08,0.8888888888888888,0.8,0.8421052631578948,0.916,0.03888888888888889,56,7,173,14,0.9797619047619047,0.9361341929299372
S8,0.48,2.7748400876821977,0.8181818181818182,0.7346938775510204,0.7741935483870968,0.8590604026845637,0.08,0.8870967741935484,0.7857142857142857,0.8333333333333333,0.912,0.03888888888888889,55,7,173,15,0.9796825396825397,0.9353844721226579
S8,0.49,2.8302695438033583,0.8181818181818182,0.7346938775510204,0.7741935483870968,0.8590604026845637,0.08,0.8852459016393442,0.7714285714285715,0.8244274809160306,0.908,0.03888888888888889,54,7,173,16,0.9796031746031746,0.9354223515377365
S8,0.5,2.885698999924519,0.8181818181818182,0.7346938775510204,0.7741935483870968,0.8590604026845637,0.08,0.8852459016393442,0.7714285714285715,0.8244274809160306,0.908,0.03888888888888889,54,7,173,16,0.9795238095238095,0.9355174498968973
S8,0.51,2.94112845604568,0.8181818181818182,0.7346938775510204,0.7741935483870968,0.8590604026845637,0.08,0.8852459016393442,0.7714285714285715,0.8244274809160306,0.908,0.03888888888888889,54,7,173,16,0.9796031746031746,0.9362525671901039
S8,0.52,2.9965579121668404,0.8181818181818182,0.7346938775510204,0.7741935483870968,0.8590604026845637,0.08,0.8833333333333333,0.7571428571428571,0.8153846153846154,0.904,0.03888888888888889,53,7,173,17,0.9796031746031746,0.9362525671901039
S8,0.53,3.0519873682880014,0.8181818181818182,0.7346938775510204,0.7741935483870968,0.8590604026845637,0.08,0.8813559322033898,0.7428571428571429,0.8062015503875969,0.9,0.03888888888888889,52,7,173,18,0.9796825396825397,0.9361840521596251
S8,0.54,3.107416824409162,0.8181818181818182,0.7346938775510204,0.7741935483870968,0.8590604026845637,0.08,0.8793103448275862,0.7285714285714285,0.796875,0.896,0.03888888888888889,51,7,173,19,0.9794444444444445,0.9350997938949156
S8,0.55,3.1628462805303226,0.8181818181818182,0.7346938775510204,0.7741935483870968,0.8590604026845637,0.08,0.8793103448275862,0.7285714285714285,0.796875,0.896,0.03888888888888889,51,7,173,19,0.9793650793650793,0.9351617652463794
S8,0.56,3.1933053471060053,0.8181818181818182,0.7346938775510204,0.7741935483870968,0.8590604026845637,0.08,0.8793103448275862,0.7285714285714285,0.796875,0.896,0.03888888888888889,51,7,173,19,0.9791269841269841,0.9339508035889893
S8,0.57,3.214061366821401,0.8181818181818182,0.7346938775510204,0.7741935483870968,0.8590604026845637,0.08,0.8793103448275862,0.7285714285714285,0.796875,0.896,0.03888888888888889,51,7,173,19,0.9789682539682539,0.9335672425478236
S8,0.58,3.2348173865367973,0.8181818181818182,0.7346938775510204,0.7741935483870968,0.8590604026845637,0.08,0.8793103448275862,0.7285714285714285,0.796875,0.896,0.03888888888888889,51,7,173,19,0.9787301587301587,0.9333301936329528
S8,0.59,3.2555734062521937,0.8181818181818182,0.7346938775510204,0.7741935483870968,0.8590604026845637,0.08,0.8813559322033898,0.7428571428571429,0.8062015503875969,0.9,0.03888888888888889,52,7,173,18,0.9784920634920635,0.9326716970632306
S8,0.6,3.270409768363562,0.8181818181818182,0.7346938775510204,0.7741935483870968,0.8590604026845637,0.08,0.8813559322033898,0.7428571428571429,0.8062015503875969,0.9,0.03888888888888889,52,7,173,18,0.9781746031746033,0.9320108659727672
S8,0.61,3.2582334071176398,0.8,0.7346938775510204,0.7659574468085106,0.8523489932885906,0.09,0.8813559322033898,0.7428571428571429,0.8062015503875969,0.9,0.03888888888888889,52,7,173,18,0.9781746031746033,0.9327099677263929
S8,0.62,3.2460570458717175,0.8,0.7346938775510204,0.7659574468085106,0.8523489932885906,0.09,0.8833333333333333,0.7571428571428571,0.8153846153846154,0.904,0.03888888888888889,53,7,173,17,0.9780952380952381,0.9328346026903909
S8,0.63,3.2338806846257957,0.8,0.7346938775510204,0.7659574468085106,0.8523489932885906,0.09,0.8870967741935484,0.7857142857142857,0.8333333333333333,0.912,0.03888888888888889,55,7,173,15,0.9778571428571428,0.9321429233154981
S8,0.64,3.2217043233798734,0.8,0.7346938775510204,0.7659574468085106,0.8523489932885906,0.09,0.8888888888888888,0.8,0.8421052631578948,0.916,0.03888888888888889,56,7,173,14,0.9773809523809524,0.9312116852766503
S8,0.65,2.8158516430107676,0.7872340425531915,0.7551020408163265,0.7708333333333333,0.8523489932885906,0.1,0.8923076923076924,0.8285714285714286,0.8592592592592593,0.924,0.03888888888888889,58,7,173,12,0.9770634920634921,0.9298060732053505
S8,0.66,2.864472854514532,0.7872340425531915,0.7551020408163265,0.7708333333333333,0.8523489932885906,0.1,0.8923076923076924,0.8285714285714286,0.8592592592592593,0.924,0.03888888888888889,58,7,173,12,0.9770634920634921,0.93029534243777
S8,0.67,2.9130940660182967,0.7872340425531915,0.7551020408163265,0.7708333333333333,0.8523489932885906,0.1,0.890625,0.8142857142857143,0.8507462686567163,0.92,0.03888888888888889,57,7,173,13,0.9768253968253968,0.929459566784444
S8,0.68,2.9617152775220608,0.7872340425531915,0.7551020408163265,0.7708333333333333,0.8523489932885906,0.1,0.890625,0.8142857142857143,0.8507462686567163,0.92,0.03888888888888889,57,7,173,13,0.9766666666666667,0.9290484790689344
S8,0.69,2.9911311631709614,0.7872340425531915,0.7551020408163265,0.7708333333333333,0.8523489932885906,0.1,0.890625,0.8142857142857143,0.8507462686567163,0.92,0.03888888888888889,57,7,173,13,0.9763492063492063,0.9282364353847548
S8,0.7,2.9384913785918236,0.7708333333333334,0.7551020408163265,0.7628865979381444,0.8456375838926175,0.11,0.8923076923076924,0.8285714285714286,0.8592592592592593,0.924,0.03888888888888889,58,7,173,12,0.9761111111111112,0.9276070419018873
S8,0.71,2.885851594012686,0.7708333333333334,0.7551020408163265,0.7628865979381444,0.8456375838926175,0.11,0.8939393939393939,0.8428571428571429,0.8676470588235294,0.928,0.03888888888888889,59,7,173,11,0.975952380952381,0.9269584277247453
S8,0.72,2.8332118094335477,0.7708333333333334,0.7551020408163265,0.7628865979381444,0.8456375838926175,0.11,0.8939393939393939,0.8428571428571429,0.8676470588235294,0.928,0.03888888888888889,59,7,173,11,0.9756349206349206,0.9259274491159266
S8,0.73,3.1121170721665745,0.782608695652174,0.7346938775510204,0.7578947368421053,0.8456375838926175,0.1,0.8888888888888888,0.8,0.8421052631578948,0.916,0.03888888888888889,56,7,173,14,0.9755555555555556,0.92660499864064
S8,0.74,3.0999407109206523,0.782608695652174,0.7346938775510204,0.7578947368421053,0.8456375838926175,0.1,0.8888888888888888,0.8,0.8421052631578948,0.916,0.03888888888888889,56,7,173,14,0.9753968253968255,0.9262459811545175
S8,0.75,3.087764349674731,0.7659574468085106,0.7346938775510204,0.7499999999999999,0.8389261744966443,0.11,0.890625,0.8142857142857143,0.8507462686567163,0.92,0.03888888888888889,57,7,173,13,0.9752380952380952,0.9260179160645735
S8,0.76,3.0755879884288087,0.7659574468085106,0.7346938775510204,0.7499999999999999,0.8389261744966443,0.11,0.8923076923076924,0.8285714285714286,0.8592592592592593,0.924,0.03888888888888889,58,7,173,12,0.9752380952380953,0.9260238374614724
S8,0.77,3.0634116271828864,0.7659574468085106,0.7346938775510204,0.7499999999999999,0.8389261744966443,0.11,0.8923076923076924,0.8285714285714286,0.8592592592592593,0.924,0.03888888888888889,58,7,173,12,0.9751587301587301,0.9260295943271162
S8,0.78,3.051235265936964,0.7659574468085106,0.7346938775510204,0.7499999999999999,0.8389261744966443,0.11,0.8939393939393939,0.8428571428571429,0.8676470588235294,0.928,0.03888888888888889,59,7,173,11,0.9747619047619047,0.9251015611371387
S8,0.79,3.039058904691042,0.7659574468085106,0.7346938775510204,0.7499999999999999,0.8389261744966443,0.11,0.8939393939393939,0.8428571428571429,0.8676470588235294,0.928,0.03888888888888889,59,7,173,11,0.9744444444444444,0.9244099992423191
S8,0.8,2.7714961803118476,0.74,0.7551020408163265,0.7474747474747474,0.8322147651006712,0.13,0.8695652173913043,0.8571428571428571,0.8633093525179856,0.924,0.05,60,9,171,10,0.9742063492063491,0.9238876235635255
S8,0.81,2.791129244985936,0.74,0.7551020408163265,0.7474747474747474,0.8322147651006712,0.13,0.8695652173913043,0.8571428571428571,0.8633093525179856,0.924,0.05,60,9,171,10,0.974047619047619,0.9235905074024595
S8,0.82,2.8107623096600243,0.74,0.7551020408163265,0.7474747474747474,0.8322147651006712,0.13,0.8695652173913043,0.8571428571428571,0.8633093525179856,0.924,0.05,60,9,171,10,0.9738095238095237,0.9233244899363264
S8,0.83,2.830395374334113,0.74,0.7551020408163265,0.7474747474747474,0.8322147651006712,0.13,0.8695652173913043,0.8571428571428571,0.8633093525179856,0.924,0.05,60,9,171,10,0.9734126984126984,0.9228528988319988
S8,0.84,2.850028439008201,0.74,0.7551020408163265,0.7474747474747474,0.8322147651006712,0.13,0.8695652173913043,0.8571428571428571,0.8633093525179856,0.924,0.05,60,9,171,10,0.9732539682539683,0.9223596262407844
S8,0.85,2.8696615036822894,0.74,0.7551020408163265,0.7474747474747474,0.8322147651006712,0.13,0.8695652173913043,0.8571428571428571,0.8633093525179856,0.924,0.05,60,9,171,10,0.9729365079365079,0.9216387257907621
S8,0.86,2.8892945683563775,0.74,0.7551020408163265,0.7474747474747474,0.8322147651006712,0.13,0.8676470588235294,0.8428571428571429,0.855072463768116,0.92,0.05,59,9,171,11,0.9726984126984127,0.9210213575806715
S8,0.87,2.908927633030466,0.74,0.7551020408163265,0.7474747474747474,0.8322147651006712,0.13,0.8676470588235294,0.8428571428571429,0.855072463768116,0.92,0.05,59,9,171,11,0.9724603174603175,0.9202893775869401
S8,0.88,2.9285606977045546,0.74,0.7551020408163265,0.7474747474747474,0.8322147651006712,0.13,0.8676470588235294,0.8428571428571429,0.855072463768116,0.92,0.05,59,9,171,11,0.9724603174603175,0.9203110918880888
S8,0.89,2.917295292231821,0.74,0.7551020408163265,0.7474747474747474,0.8322147651006712,0.13,0.855072463768116,0.8428571428571429,0.8489208633093526,0.916,0.05555555555555555,59,10,170,11,0.9724603174603175,0.9207470190628724
S8,0.9,2.905118930985899,0.74,0.7551020408163265,0.7474747474747474,0.8322147651006712,0.13,0.855072463768116,0.8428571428571429,0.8489208633093526,0.916,0.05555555555555555,59,10,170,11,0.9723809523809525,0.9206342629103084
S8,0.91,2.892942569739977,0.7254901960784313,0.7551020408163265,0.74,0.825503355704698,0.14,0.855072463768116,0.8428571428571429,0.8489208633093526,0.916,0.05555555555555555,59,10,170,11,0.9717460317460318,0.9185206863493074
S8,0.92,2.880766208494055,0.7254901960784313,0.7551020408163265,0.74,0.825503355704698,0.14,0.855072463768116,0.8428571428571429,0.8489208633093526,0.916,0.05555555555555555,59,10,170,11,0.9714285714285714,0.9180758091497729
S8,0.93,2.8685898472481326,0.7254901960784313,0.7551020408163265,0.74,0.825503355704698,0.14,0.855072463768116,0.8428571428571429,0.8489208633093526,0.916,0.05555555555555555,59,10,170,11,0.971031746031746,0.91673355650204
S8,0.94,2.84682166710445,0.7115384615384616,0.7551020408163265,0.7326732673267328,0.8187919463087249,0.15,0.855072463768116,0.8428571428571429,0.8489208633093526,0.916,0.05555555555555555,59,10,170,11,0.970952380952381,0.9171762768494534
S8,0.95,2.8149391525552008,0.7115384615384616,0.7551020408163265,0.7326732673267328,0.8187919463087249,0.15,0.855072463768116,0.8428571428571429,0.8489208633093526,0.916,0.05555555555555555,59,10,170,11,0.971031746031746,0.9177594407342535
S8,0.96,2.783056638005952,0.7115384615384616,0.7551020408163265,0.7326732673267328,0.8187919463087249,0.15,0.8428571428571429,0.8428571428571429,0.8428571428571429,0.912,0.06111111111111111,59,11,169,11,0.9705555555555555,0.9168808772056551
S8,0.97,2.751174123456702,0.7115384615384616,0.7551020408163265,0.7326732673267328,0.8187919463087249,0.15,0.8428571428571429,0.8428571428571429,0.8428571428571429,0.912,0.06111111111111111,59,11,169,11,0.9703968253968254,0.9164353457256409
S8,0.98,2.7192916089074526,0.6981132075471698,0.7551020408163265,0.7254901960784315,0.8120805369127517,0.16,0.8450704225352113,0.8571428571428571,0.851063829787234,0.916,0.06111111111111111,60,11,169,10,0.97,0.9163279526572147
S8,0.99,2.7955316797726004,0.7058823529411765,0.7346938775510204,0.7200000000000001,0.8120805369127517,0.15,0.8428571428571429,0.8428571428571429,0.8428571428571429,0.912,0.06111111111111111,59,11,169,11,0.9696031746031746,0.9158609797528002
S8,1.0,2.783355318526678,0.7058823529411765,0.7346938775510204,0.7200000000000001,0.8120805369127517,0.15,0.8428571428571429,0.8428571428571429,0.8428571428571429,0.912,0.06111111111111111,59,11,169,11,0.9690476190476192,0.9150818859353809
